index,halo_id_nbody,gal coord y (pMpc),gal coord z (pMpc),Redshift,f_esc_lum,lya_lum,NIRCam_F200W_dust,mstar
29634,72053213,-11.06938794785114,2.392285307411052,8.631351,5.2576480499700013e+42,1.2458881635000004e+43,26.894978,0.078733499
32197,72647970,10.501727027448515,5.798250829826785,8.625011,6.067474280974001e+42,8.692656563000002e+42,26.785192,0.030260695
36734,74064113,4.257456903019668,0.5271137118024334,8.625861,2.3676307756828e+43,3.3920211685999997e+43,27.434958,0.12737392
36751,74063855,4.662928989021541,0.12164162580056063,8.618061,7.118763583632e+42,2.1769919215999999e+43,28.540625,0.15085041
38862,73819120,-7.501233591034656,-4.25745690301967,8.632832,4.661306264397999e+42,3.9502595460999993e+42,27.501752,0.015280845
40615,75493043,3.6087015654166703,-4.662928989021543,8.618932,2.0914230893480002e+42,3.5447848972000005e+43,26.076216,0.18490023
44500,75235076,-4.825117823422293,-11.06938794785114,8.628484,2.7083979957404998e+42,3.6848952323e+42,27.709702,0.0095469822
45724,75499090,10.58282144464889,-9.690782855444771,8.635574,2.4668243191551998e+42,3.5341322624e+42,27.673511,0.025703581
