index,halo_id_nbody,gal coord y (pMpc),gal coord z (pMpc),Redshift,f_esc_lum,lya_lum,NIRCam_F200W_dust,mstar
24917,73963495,-0.7806896406368988,9.573720329915634,8.442504,4.8772738530340006e+42,4.133282926300001e+42,27.582693,0.014352232
29965,75315007,-4.2321596308210765,1.9311796373649557,8.45068,4.573519487048001e+42,1.1100775454000003e+43,26.782147,0.03234308
31842,75485965,2.7529582064564257,0.8628674975460431,8.457787,3.9278010313810004e+42,9.113227451000001e+42,26.735978,0.059210077
33768,75560265,9.491542473006488,1.0272232113643374,8.452629,2.3365644068909993e+42,5.4338707136999983e+42,27.20957,0.02317203
