index,halo_id_nbody,gal coord y (pMpc),gal coord z (pMpc),Redshift,f_esc_lum,lya_lum,NIRCam_F200W_dust,mstar
4526,58178915,-5.279291319051875,7.001613309664541,9.720034,4.2456931964060004e+43,3.5980450817000006e+43,25.143487,0.14448708
4527,58178936,-5.279291319051875,7.076496874473786,9.71679,3.150321021153e+42,8.445900861000001e+42,26.736612,0.027497967
13122,60376021,-0.7862774304970882,-7.7504489577570075,9.720501,2.6146964197360003e+42,2.4666947356000004e+43,25.619723,0.07408025
13123,60376024,-0.7862774304970882,-7.7504489577570075,9.721636,2.2048492651449002e+42,5.1156595479000003e+42,27.434359,0.014427027
