index,halo_id_nbody,gal coord y (pMpc),gal coord z (pMpc),Redshift,f_esc_lum,lya_lum,NIRCam_F200W_dust,mstar
25431,72434098,-0.6880064733889852,10.643864853017824,8.643114,3.1667172462940006e+42,2.6836586833000006e+42,27.909052,0.011096134
27507,72443687,0.04047096902288101,7.487129269233069,8.659269,2.409640777726e+42,1.4258229454e+43,26.304144,0.0544702
30660,72538104,6.515826012683913,6.596767950729675,8.642219,2.953919565396e+42,7.169707683e+42,27.079784,0.034568464
35527,73740300,-10.481980976926298,-2.3068452343042436,8.659127,2.0200473973947994e+42,2.8940507125999995e+42,27.978104,0.01321475
38368,74068166,7.487129269233069,-0.3642387212059331,8.638826,1.0369809515753998e+43,1.4771808427e+43,26.327473,0.054059119
38432,74069160,8.86314221601104,-0.7689484114347492,8.63994,3.200589061488e+42,4.3545429408e+42,27.331065,0.022461823
41546,75493744,3.440032366944924,-4.896987251768658,8.653501,3.1316176629672e+42,4.4865582564000005e+42,27.218071,0.026051683
41681,75496035,4.087567871311026,-6.030174384409338,8.642554,4.7359126225919986e+42,6.784975103999999e+42,27.225652,0.025416808
41903,74170354,10.724806791063587,-4.168509809356792,8.646106,2.1157508088754e+42,3.0311616173e+42,27.805188,0.015014413
