index,halo_id_nbody,gal coord y (pMpc),gal coord z (pMpc),Redshift,f_esc_lum,lya_lum,NIRCam_F200W_dust,mstar
2944,58172314,-6.82449444381894,8.106443676359513,9.632228,2.795556358912e+42,2.3691155584e+42,28.212322,0.0058434353
4839,58391125,3.5065081948903933,7.427764670896855,9.626044,2.0229428704907998e+42,4.9100555108999995e+42,27.515061,0.0081523332
4842,58391219,3.6573257516598727,7.5031734492815945,9.632768,2.3114420258580002e+42,3.1448190828000004e+42,27.82074,0.014322516
4843,58391265,3.0540555245819565,7.578582227666337,9.622153,1.18147526452515e+43,1.60744933949e+43,26.104981,0.047179898
5825,58395663,9.539210465669566,6.5228593302799815,9.629489,9.155964291188e+42,2.2223214299e+43,25.9685,0.036319734
8315,59418569,0.11311316757710825,1.5458799568871628,9.633623,2.81578211953e+42,2.3862560335e+42,27.965383,0.010618652
9627,59197626,-7.880217341205296,-1.772106292041383,9.620574,2.2691720580282005e+42,3.232438829100001e+42,27.732722,0.01125662
12577,60648620,9.991663135978005,-4.411413535507271,9.624202,2.1640147826325e+42,2.9442377995e+42,27.774126,0.013690509
