index,halo_id_nbody,gal coord y (pMpc),gal coord z (pMpc),Redshift,f_esc_lum,lya_lum,NIRCam_F200W_dust,mstar
1283,59397967,-5.306033925740896,10.115820074254223,9.458666,3.3285216755986e+42,4.7686556957000007e+42,27.389608,0.019900433
3252,59474785,-1.1833600841580414,6.832950163364171,9.462104,2.3305333906610006e+42,8.120325403000003e+42,26.90085,0.017462171
3573,59609844,9.581399391086073,9.352361955442584,9.442759,6.351667227923999e+42,1.5051344141999998e+43,26.20663,0.062014921
4234,59612629,9.123324519799091,7.061987599007665,9.438668,2.4678629510574003e+42,5.848016471700001e+42,27.193965,0.017915322
4365,60299201,-9.581399391086077,2.4812388861378274,9.448171,2.6082607049620004e+42,6.180712571000001e+42,27.108612,0.020035894
8322,60437178,0.19086452970290965,-0.19086452970291154,9.438895,4.689943478723999e+42,3.9745283717999994e+42,28.872714,0.0096542135
13239,45620464,3.8554634999987787,-9.428707767323747,9.456385,4.538656669452001e+42,3.846319211400001e+42,27.407462,0.025165578
