index,halo_id_nbody,gal coord y (pMpc),gal coord z (pMpc),Redshift,f_esc_lum,lya_lum,NIRCam_F200W_dust,mstar
3688,59253648,-8.300925639544015,5.192816495970456,9.549434,2.5091820866490008e+42,8.742794727000004e+42,26.825743,0.020207318
8018,59196063,-7.012197458062296,-0.11371131013074055,9.541403,6.35406880378e+42,5.384804071e+42,27.386685,0.015331645
10754,60515171,5.799276816667734,-1.78147719204826,9.55622,2.2522824790840004e+42,1.2044291332000002e+43,26.379475,0.042148069
13222,44447783,2.691167673094177,-8.983193500328456,9.540635,2.3605565054879998e+42,1.2691164007999998e+43,26.486603,0.035097019
