index,halo_id_nbody,gal coord y (pMpc),gal coord z (pMpc),Redshift,f_esc_lum,lya_lum,NIRCam_F200W_dust,mstar
30310,73976906,0.8530983807196935,5.240461481563838,8.59803,3.5944527696525e+42,4.8904119315000003e+42,27.542125,0.03474822
33598,74059746,5.159214016733392,3.3717697904635546,8.606176,2.3609603812990007e+42,1.3970179771000003e+43,26.17713,0.048746046
35539,73736462,-11.009031484525586,-2.803037536650427,8.600309,2.8107028492199994e+42,6.536518253999999e+43,25.573623,0.53097442
36120,73904978,-3.2905223256331095,-1.421830634532825,8.612325,2.2008623018849996e+42,6.730465754999998e+42,26.958445,0.017606045
39188,75393216,-1.421830634532825,-3.859254579446239,8.597828,4.4587660169780004e+42,1.5535770094000002e+43,26.492516,0.094846514
40522,75492692,3.5342647201244493,-4.8342241574116045,8.605838,2.4680395316442007e+42,5.726309818200001e+42,27.249126,0.047546526
42929,75412197,4.671729227750708,-7.51539049681636,8.605181,2.1549748343475998e+42,3.0873564962e+42,27.666999,0.016831427
