index,halo_id_nbody,gal coord y (pMpc),gal coord z (pMpc),Redshift,f_esc_lum,lya_lum,NIRCam_F200W_dust,mstar
1295,59397339,-5.478173778241043,9.768771422737522,9.396435,2.053122845613e+42,2.7933644158e+42,27.81845,0.016355899
1391,59402435,-2.4900789901095655,9.615535792576932,9.388188,2.4979931760799997e+42,5.809286456e+42,27.334724,0.015537698
5367,60359130,-4.7119956274381005,2.2602255448686814,9.391693,2.4426207002403396e+42,5.788200711469999e+42,27.17522,0.020832616
10620,44516398,3.103021510751919,-3.869199661554863,9.388096,7.522791206283998e+42,1.8259201956999998e+43,25.886777,0.068949932
