index,halo_id_nbody,gal coord y (pMpc),gal coord z (pMpc),Redshift,f_esc_lum,lya_lum,NIRCam_F200W_dust,mstar
27421,70777126,-1.895008822991391,7.862270648581298,8.696557,6.532475775040001e+42,1.5191804128000004e+43,26.480419,0.1199325
28993,72442577,2.136924842947736,7.459077281987386,8.696315,3.560775083938801e+42,5.072329179400002e+42,27.068163,0.028741064
30415,70875519,1.8143701496726075,6.007581162249299,8.708392,1.0799516151892998e+43,3.7628976138999996e+43,25.69689,0.18749857
30421,70875869,2.0562861696289545,6.1688585088868635,8.710274,2.2620139845119994e+42,5.2604976383999987e+42,27.252133,0.035366716
30494,70869678,3.6690596360046057,6.410774528843212,8.709809,3.64413454552e+42,3.2536915585000004e+43,26.098111,0.1694432
37649,72247844,-5.36247177569904,-1.895008822991391,8.700657,2.3254917205571993e+42,3.312666268599999e+42,27.681841,0.011731191
38758,73822509,-7.942909321900082,-4.0722530025985195,8.690786,2.9125229514602004e+42,4.1726689849000007e+42,27.592707,0.0087686525
43347,73650795,-9.152489421681821,-8.910573401725474,8.707088,2.0733309088344996e+42,4.810512549499999e+42,27.37379,0.020434227
43351,73650780,-9.071850748363037,-8.910573401725474,8.7075,3.964493005256e+42,9.622555838e+42,26.707604,0.024802765
