index,halo_id_nbody,gal coord y (pMpc),gal coord z (pMpc),Redshift,f_esc_lum,lya_lum,NIRCam_F200W_dust,mstar
3148,45512144,-2.7997178298011614,1.4590078831358158,9.008762,3.2056670700299997e+42,2.7166670084999997e+42,27.746568,0.022190279
8219,46568194,-2.9574484117617903,-7.058443542738139,9.011697,3.5883119553e+42,3.040942335e+42,27.600432,0.020911307
