index,halo_id_nbody,gal coord y (pMpc),gal coord z (pMpc),Redshift,f_esc_lum,lya_lum,NIRCam_F200W_dust,mstar
9342,58397539,6.914689604838655,2.578992339101984,9.748462,2.3922490242340003e+42,6.413536258e+42,26.975007,0.023983489
11732,59348657,-3.4760331527026755,-3.6255399549694576,9.739686,4.635474001522e+42,3.9283677979e+42,27.450394,0.019812696
