index,halo_id_nbody,gal coord y (pMpc),gal coord z (pMpc),Redshift,f_esc_lum,lya_lum,NIRCam_F200W_dust,mstar
14051,35192837,4.201656912612418,7.5481093208877965,9.832754,3.493586889136e+42,8.479579828000001e+42,26.807403,0.033590225
14055,35192937,4.127291303539631,7.771206148106156,9.827714,7.381411283099e+42,2.5719203077e+43,25.820947,0.11263231
14441,35823672,-5.837700312213715,-1.0039357224826133,9.828214,7.279180939079996e+42,6.168797405999997e+42,27.187215,0.011779735
