index,halo_id_nbody,gal coord y (pMpc),gal coord z (pMpc),Redshift,f_esc_lum,lya_lum,NIRCam_F200W_dust,mstar
1388,59402403,-2.4945226162635916,9.632695025879404,9.387119,8.962571111318001e+42,2.1238320169000002e+43,25.822631,0.077659711
4492,60358966,-7.637076932868533,2.6480317003413494,9.36479,2.2096377410472003e+42,5.363198400600001e+42,27.187071,0.023871423
5927,44239893,-10.093222278112684,-0.5756590652915992,9.367504,2.1648133372179992e+42,7.542903613999998e+42,27.250876,0.054378496
9170,44512526,2.7247862423802283,-2.417768074224711,9.380531,2.6906665799191998e+42,3.8548231804e+42,27.47705,0.020789784
9175,44512616,2.5712771583024687,-2.4945226162635916,9.382771,4.315005172132e+42,6.181955834000001e+42,27.191388,0.012295791
9957,44516606,3.031804410535748,-4.029613457041187,9.373082,2.2213388641988014e+42,5.955332075600004e+42,27.41734,0.031282897
11156,45399538,-5.871722465974299,-7.1765496806352544,9.36782,2.0749493884979996e+42,6.345410973999999e+42,27.302798,0.026268954
