index,halo_id_nbody,gal coord y (pMpc),gal coord z (pMpc),Redshift,f_esc_lum,lya_lum,NIRCam_F200W_dust,mstar
2965,44432430,-6.5441472643765035,3.8335537229187797,9.243124,5.071141804324001e+42,7.265246138000002e+42,26.937222,0.020882083
2974,44432196,-6.5441472643765035,3.6786626634069095,9.23986,3.046913496996e+42,2.5821300822000002e+42,28.02952,0.0064173526
6030,44309611,-9.099849746322358,-1.587633359996668,9.251792,2.9386714640490005e+42,8.986762887000002e+42,26.593209,0.045449426
7119,44309522,-8.480285508274877,-2.5169797170678865,9.254121,4.84682686605e+42,6.904311775e+42,27.093561,0.014074569
8761,45393640,-8.944958686810487,-5.692246437061219,9.245723,9.909974089140997e+42,3.4529526442999995e+43,25.656271,0.12851034
8771,45394204,-8.790067627298617,-6.079474085840894,9.251433,2.4828025890199993e+42,1.4691139579999995e+43,26.532461,0.088703576
9535,45397408,-8.944958686810487,-7.0862659726680475,9.252669,2.5124628321099997e+42,1.6314693715e+43,26.401557,0.028435007
9596,45397238,-8.790067627298617,-7.0862659726680475,9.251053,2.348156696384001e+42,2.2152421664000011e+43,25.811357,0.059371056
9601,45397297,-8.712622097542681,-7.241157032179918,9.253627,2.3810167180071998e+42,3.4111987364e+42,27.739054,0.010476531
