index,halo_id_nbody,gal coord y (pMpc),gal coord z (pMpc),Redshift,f_esc_lum,lya_lum,NIRCam_F200W_dust,mstar
554,44561193,0.9768625570804881,10.120296091353866,9.115003,2.4662585303365995e+42,3.5333216766999997e+42,27.602997,0.029828392
1104,44628421,5.509504821933958,10.198445095920304,9.13327,3.2981125949205e+42,4.4872280203e+42,27.4697,0.010542306
2445,44494793,-0.6642665388147331,4.728014776269568,9.128,1.573761437469e+43,2.2418254095e+43,25.937628,0.087218874
9554,46422158,-9.026210027423721,-8.948061022857283,9.11618,4.2080873622840006e+42,5.994426442000001e+42,26.986588,0.030501393
9807,46568741,-1.5239055890455637,-6.9943359086963035,9.11459,5.589699571890001e+42,4.737033535500001e+42,27.206505,0.025560062
