index,halo_id_nbody,gal coord y (pMpc),gal coord z (pMpc),Redshift,f_esc_lum,lya_lum,NIRCam_F200W_dust,mstar
2726,59608705,6.363579316954951,10.250316384795697,9.476496,4.7747017814999995e+42,6.4961929e+42,26.982716,0.044506864
3785,59335614,-5.982526663245075,5.068000294341367,9.464136,3.602893053511501e+42,4.901895310900002e+42,27.155575,0.037795372
4353,59169424,-9.640632138859896,2.553052779856176,9.466455,2.06285310658e+42,4.797332806e+42,27.634515,0.013648578
7434,60518383,1.181263226500618,0.5715789805648153,9.463518,1.9602286047219006e+43,5.255304570300002e+43,25.881888,0.27171559
7439,60518433,1.2574737572425945,0.7240000420487664,9.464122,3.3344902191440007e+42,8.093422862000002e+42,26.837654,0.022377021
11175,44379326,-5.144210825083344,-5.830105601761123,9.486702,2.7076064254489998e+42,6.282149479e+42,26.935197,0.049447376
