index,halo_id_nbody,gal coord y (pMpc),gal coord z (pMpc),Redshift,f_esc_lum,lya_lum,NIRCam_F200W_dust,mstar
939,60493244,-0.7410693044306197,9.165857186378696,9.162283,3.111335883132001e+42,2.5295413684000007e+43,25.98806,0.071272235
960,60493721,-0.42904012361772736,9.321871776785144,9.15941,5.798170081147998e+42,4.913703458599999e+42,27.273386,0.038389507
1127,44633490,5.81154349264011,10.25795931922382,9.152373,2.0799680951930004e+42,4.837135105100001e+42,27.367154,0.024124467
2506,44496778,0.5850547140241715,4.953463245404658,9.158745,3.236297689507999e+42,2.7426251605999994e+42,27.789959,0.022772024
8238,45529958,-1.131105780446734,-4.875455950201436,9.139679,2.0887526601976e+42,2.9924823212e+42,27.870552,0.008688978
8843,45389969,-7.059660215891679,-7.137667511094902,9.152246,2.9970355022542e+42,4.2937471379e+42,27.500627,0.027961091
8845,45389978,-7.137667511094902,-7.059660215891679,9.155716,3.3265398971767996e+42,4.7658164716e+42,27.426581,0.021164634
10817,45689646,7.059660215891676,-7.215674806298125,9.144737,5.0070823561799995e+42,1.2153112515e+43,26.410858,0.043398376
12163,46892490,10.335966614427043,-8.853828005565807,9.148817,6.791227301089998e+42,1.5793551862999995e+43,26.378675,0.026805274
