index,halo_id_nbody,gal coord y (pMpc),gal coord z (pMpc),Redshift,f_esc_lum,lya_lum,NIRCam_F200W_dust,mstar
24866,73876854,-2.7477147275760077,9.309421539697817,8.478924,2.877351415251e+42,2.3393100937e+43,27.807665,0.083010033
28959,73968527,1.0252666893940316,4.634205436061028,8.485197,2.1982091630590003e+42,1.3007154811e+43,26.738747,0.077644532
29951,75312506,-4.798248106364074,1.5994160354546896,8.479218,3.4905477414540004e+42,2.2092074313000003e+43,26.691974,0.21847041
35874,75230988,-6.930802820303662,-4.880269441515597,8.475542,5.620821721460001e+42,1.3071678422000002e+43,26.591079,0.033192608
37765,75399922,-2.9117573978790534,-5.372397452424732,8.484382,4.696627091428002e+42,1.1399580319000005e+43,26.616117,0.1080151
41754,76921810,6.110589468788435,-7.0948454906067075,8.475751,2.0436735600038e+42,2.9278990831e+42,27.732125,0.01314248
42388,76660507,-1.8454800409092589,-10.867826907576747,8.484608,3.00971214338e+42,6.999330566e+42,26.877109,0.036905102
42830,76746668,3.2398427384851423,-9.555485545152385,8.468423,2.6492902097159998e+42,6.430316043e+42,27.006689,0.023496375
42832,76746684,3.2398427384851423,-9.637506880303908,8.468636,5.1596198801440017e+42,1.1971275824000003e+43,26.680009,0.032795214
