index,halo_id_nbody,gal coord y (pMpc),gal coord z (pMpc),Redshift,f_esc_lum,lya_lum,NIRCam_F200W_dust,mstar
766,45508559,-6.809365882186242,5.785992975036864,9.019324,7.928493859352e+42,1.1358873724000002e+43,26.514596,0.029504583
3188,45592689,-1.2201753892934883,1.8499433321546426,9.027402,2.0668644219950004e+42,9.613322893000002e+42,26.580263,0.038006477
8103,46503857,-5.156225032175709,-7.439133825047397,9.015191,2.1878324656063997e+42,5.076177414399999e+42,27.444526,0.022186887
8115,46504602,-5.471109003606287,-7.2029708464744635,9.033327,7.994025726329999e+42,1.0876225477999999e+43,26.942687,0.041303094
8908,46504543,-5.392388010748642,-8.462506732196774,9.03162,2.9409849956440004e+42,2.4923601658000003e+42,27.910681,0.01198242
