index,halo_id_nbody,gal coord y (pMpc),gal coord z (pMpc),Redshift,f_esc_lum,lya_lum,NIRCam_F200W_dust,mstar
2266,45514310,-6.941405746087288,3.176575510921301,9.065464,2.4793764224985003e+42,3.373301255100001e+42,27.570865,0.02736217
2378,45514860,-3.4903113638518004,3.255009474153925,9.065205,1.3568567061140003e+43,8.028737906000001e+43,28.457757,0.36981283
2816,45867216,10.549368054788022,6.47080196669154,9.077571,2.511114755477999e+42,2.1280633520999995e+42,28.283307,0.0039162402
3802,45516762,-4.666820812341172,0.7451226507099343,9.074467,2.163672864793e+42,5.800731541e+42,27.0741,0.029611439
