index,halo_id_nbody,gal coord y (pMpc),gal coord z (pMpc),Redshift,f_esc_lum,lya_lum,NIRCam_F200W_dust,mstar
3230,59476599,-0.7987951300229417,7.417383350213023,9.503101,2.246799810948e+42,1.4589609162e+43,26.268646,0.04671496
3243,59476970,-1.0270223100294955,7.493459076881874,9.490729,3.007676078732e+42,6.978366772e+42,27.001961,0.041422139
3521,59610135,6.960928990199915,8.938897883590052,9.491759,2.990362005065999e+42,1.6077215080999995e+43,26.433576,0.073107625
5594,59545122,3.5375212901015947,4.222202830121258,9.4942,6.481788192262e+43,5.493040840900001e+43,25.013576,0.27657409
8030,60301096,-6.960928990199915,-0.7987951300229417,9.495398,3.8152684564149996e+42,1.7745434681e+43,26.045456,0.065459452
8384,60519025,1.4074009433737529,0.3423407700098319,9.489242,3.729576341469999e+42,3.1606579165e+42,27.775927,0.008989631
10218,44244447,-10.23218523696053,-5.363338730154034,9.511984,2.7493487502400004e+42,4.659913136000001e+43,25.564384,0.19457624
