index,halo_id_nbody,gal coord y (pMpc),gal coord z (pMpc),Redshift,f_esc_lum,lya_lum,NIRCam_F200W_dust,mstar
28465,69221434,-6.51833448058173,9.757749192143558,8.966405,6.84335781472e+42,6.110140906000001e+43,25.391675,0.28642238
46945,45504133,-6.51833448058173,9.757749192143558,8.966438,3.10481880199e+42,1.0706271731000001e+43,26.577576,0.033285734
46956,45504459,-6.439324365665588,9.994779536891983,8.970918,7.720106623149999e+42,1.1060324675e+43,26.749893,0.034689773
46961,45503983,-6.597344595497872,9.599728962311271,8.963229,5.2889907933679994e+42,4.4821955876e+42,27.444858,0.019141249
47123,45514546,-6.044273791084877,2.56782873477462,8.97103,3.335562287888e+42,2.8267477016000003e+42,27.907301,0.018227688
47124,45514567,-6.044273791084877,2.56782873477462,8.974348,3.2505263884e+42,2.75468338e+42,27.903825,0.018310433
47417,46507604,-6.12328390600102,-9.283688502646706,8.985272,2.2719779570729995e+42,5.383834021499999e+42,27.289152,0.012745806
47519,47924970,5.649223216504164,-10.073789651808127,8.970407,2.0547581526120004e+42,1.1047086842000003e+43,26.589338,0.026121387
