index,halo_id_nbody,gal coord y (pMpc),gal coord z (pMpc),Redshift,f_esc_lum,lya_lum,NIRCam_F200W_dust,mstar
2491,59471240,-0.11391209587455016,8.92311417683971,9.525104,3.127971530934e+42,2.6508233313000004e+42,28.041167,0.0091485176
2666,59538823,4.062864752858932,9.682528149336711,9.512676,2.721720859135e+42,6.314897585e+42,27.186303,0.013719308
4750,59481626,0.4936190821230463,5.581692697852928,9.517762,5.700212195024999e+42,1.7431841574999997e+43,26.118071,0.051090151
6007,59178394,-9.758469546586412,1.6327400408685422,9.521921,4.639357264794e+42,4.7340380253e+43,25.344465,0.19894323
6612,59545400,3.151567985862536,3.607216369360735,9.513893,1.9517904753048e+43,2.7803283124e+43,26.24864,0.15387732
12224,44256569,-7.708051820844519,-9.302821163088213,9.514312,1.1867277058035001e+43,1.6145955181000002e+43,25.96656,0.068793896
12392,44450742,3.683157766610434,-6.417048067599624,9.53378,4.8683956233399993e+42,6.97477883e+42,27.006199,0.019490069
12866,44448421,2.9996851913631364,-7.783993218094219,9.530429,1.9108533893201998e+43,2.7220133751e+43,25.839861,0.082385996
