index,halo_id_nbody,gal coord y (pMpc),gal coord z (pMpc),Redshift,f_esc_lum,lya_lum,NIRCam_F200W_dust,mstar
5470,58182562,-2.287932553519701,5.288499836824224,9.696409,2.235369583104e+42,7.788744192e+42,26.842242,0.026243315
5474,58182610,-2.362946735602313,5.288499836824224,9.696834,7.574831659092e+42,1.0852194354000001e+43,26.636171,0.038739294
5633,58327466,4.613372198080706,6.338698385980807,9.688308,8.538496036776997e+42,2.9750857270999993e+43,25.590657,0.089962732
6435,58182181,-2.062890007271862,5.063457290576385,9.70113,2.06824004844e+42,7.131862236e+42,26.945584,0.025902816
6444,58182982,-2.137904189354474,4.613372198080706,9.707474,2.800701837488e+42,2.6421715448e+43,25.730299,0.12876977
10502,59345523,-0.5626063656195995,-1.8378474610240214,9.697381,5.5275817248929994e+42,1.2825015603e+43,26.297862,0.04415392
11238,60366424,-1.7628332789414092,-2.437960917684927,9.690676,2.4424010932109997e+42,7.469116492999999e+42,26.941323,0.020349508
11282,59345316,-0.5626063656195995,-2.8880460101806054,9.691325,2.5979970011729997e+42,6.0418534911e+42,27.161569,0.029358636
