index,halo_id_nbody,gal coord y (pMpc),gal coord z (pMpc),Redshift,f_esc_lum,lya_lum,NIRCam_F200W_dust,mstar
892,60489472,-1.9819977835905347,9.132734885172063,9.199399,2.5848077060102004e+42,6.125136744100001e+42,27.209118,0.025845197
8142,45464944,-4.469210688488459,-3.925132865542038,9.210673,1.222390493632e+43,1.2473372384000001e+44,24.433026,0.65759963
8144,45464984,-4.469210688488459,-4.002858268820098,9.203609,2.1967425128425995e+42,5.205550978299999e+42,27.256879,0.0229081
9974,45611083,2.992428026205315,-6.0237187540496615,9.191585,2.984423543808e+42,2.6646638783999997e+43,25.720042,0.19068263
