index,halo_id_nbody,gal coord y (pMpc),gal coord z (pMpc),Redshift,f_esc_lum,lya_lum,NIRCam_F200W_dust,mstar
590,44560824,1.2918052349673563,9.825548908388077,9.110623,2.3712793247179998e+42,5.5018081779999996e+42,27.212743,0.015726294
4554,45524188,-5.2846577794119165,-0.6654754240740934,9.09764,3.07565874978e+42,1.6535799730000002e+43,26.16276,0.066863473
7715,46798870,8.1031419284316,-2.8576297622005185,9.096301,2.3341727086198002e+42,3.3440869751000006e+42,27.874055,0.0088089711
8046,46500957,-5.676113911220206,-6.302443722113471,9.107751,4.25050535181e+42,3.6021231795000004e+42,27.574158,0.026403334
8049,46501194,-5.7544051375818634,-5.832696363943522,9.099895,3.982440649421999e+42,3.374949702899999e+42,27.78208,0.019133151
8097,46501221,-5.676113911220206,-5.7544051375818634,9.102226,3.311108144888e+42,2.8060238516e+42,27.91814,0.0076285495
8735,46423450,-9.355801550218134,-7.86826824934663,9.098033,2.7520808612560008e+42,7.378232872000002e+42,27.003602,0.043564771
