index,halo_id_nbody,gal coord y (pMpc),gal coord z (pMpc),Redshift,f_esc_lum,lya_lum,NIRCam_F200W_dust,mstar
7465,60511012,1.644353809036579,1.3384275189832615,9.43187,3.816542884610001e+42,8.875681127000002e+42,26.608517,0.033516407
9514,44245654,-10.133808358016134,-5.544914007216375,9.414984,3.430860166412e+42,8.327330501000001e+42,27.133784,0.054167456
11342,44443305,2.409169534169873,-5.697877152243034,9.424185,5.925128985190002e+42,1.3779369733000006e+43,26.50734,0.043452059
11344,44443489,2.56213267919653,-5.697877152243034,9.425136,2.0911329880700003e+42,2.1338091715e+43,25.793383,0.090895071
