index,halo_id_nbody,gal coord y (pMpc),gal coord z (pMpc),Redshift,f_esc_lum,lya_lum,NIRCam_F200W_dust,mstar
13739,35000734,-9.647028103952877,7.635678615097835,9.789792,2.872047987387999e+42,7.699860555999998e+42,26.832901,0.025441792
13740,35000737,-9.647028103952877,7.635678615097835,9.78846,2.2812784130360003e+42,3.2683071820000004e+42,27.631841,0.018707674
