index,halo_id_nbody,gal coord y (pMpc),gal coord z (pMpc),Redshift,f_esc_lum,lya_lum,NIRCam_F200W_dust,mstar
734,60348010,-8.203637387091213,8.973931977428414,9.315469,9.908739321340001e+42,8.397236713000002e+42,26.68712,0.029587063
2142,60767867,10.360462240035378,9.667197108731896,9.331916,7.35894396468e+42,1.1680863436e+44,25.091137,0.65587612
12541,45747192,9.436108731630737,-8.742843600327255,9.324841,2.4419914309725995e+42,3.4985550586999997e+42,27.775448,0.0087740982
