index,halo_id_nbody,gal coord y (pMpc),gal coord z (pMpc),Redshift,f_esc_lum,lya_lum,NIRCam_F200W_dust,mstar
3281,58321904,-0.7176417136482697,8.422847481240199,9.612367,2.4739855640159997e+42,1.3300997655999998e+43,26.324772,0.050975596
4834,58390897,3.3615848691945183,7.289728986006093,9.597907,3.1953008259100004e+42,7.571802905000001e+42,27.035229,0.04802805
4837,58390930,3.4371261022101263,7.289728986006093,9.601733,3.422517448643999e+42,2.9004385157999994e+42,27.688407,0.02111377
5956,59184441,-9.329342277427488,2.077383907929197,9.611617,2.559306929552199e+42,3.666628838899999e+42,27.55078,0.018316144
5973,59179651,-9.102718578380665,2.2284663739604116,9.593099,2.1322494707767996e+42,5.052723864399999e+42,27.408187,0.02918094
7059,59175015,-8.649471180287025,1.3975128107887325,9.605392,2.3259105429071998e+42,5.5116363575999996e+42,27.336178,0.016895768
7267,59257416,-4.494703364428628,2.304007606976018,9.603338,7.681308783496e+42,1.8643953358000003e+43,26.205686,0.02990153
7351,59418292,-1.3975128107887342,1.6996777428511616,9.597713,6.169375129468001e+42,1.4314095428e+43,26.147023,0.053163941
9350,60578202,7.289728986006093,1.3219715777731242,9.588211,5.507924757881001e+42,1.9191375463000004e+43,25.871084,0.11618995
