index,halo_id_nbody,gal coord y (pMpc),gal coord z (pMpc),Redshift,f_esc_lum,lya_lum,NIRCam_F200W_dust,mstar
8861,59262289,-6.650355088400458,-0.4132989037988995,9.66513,2.758707280578e+42,1.4831759573e+43,26.18633,0.048976705
11673,60305751,-7.2515171302897645,-5.59832151509417,9.681127,8.3858026054378e+42,2.24820445186e+43,25.852421,0.048917411
12745,60376804,-2.2167850294668208,-7.326662385525928,9.675006,4.195782763319e+42,1.4619452137e+43,26.240569,0.081360331
