index,halo_id_nbody,gal coord y (pMpc),gal coord z (pMpc),Redshift,f_esc_lum,lya_lum,NIRCam_F200W_dust,mstar
947,60493457,-0.8954600999098017,9.071400142564494,9.177149,5.3381470124850005e+42,7.262785051000001e+42,27.019176,0.02655907
6540,45601209,1.5183888650644422,-1.0511922911984608,9.186756,3.996145117895e+42,1.3923850585000003e+43,26.412548,0.095803881
7757,45739003,9.850061099007798,-0.19466523911082778,9.177874,2.1516899691120004e+42,5.098791396000001e+42,27.13469,0.030704652
10959,46804853,10.16152548158512,-6.268220699368602,9.166134,5.218719799877999e+42,7.434073788999999e+42,27.729117,0.031079605
