index,halo_id_nbody,gal coord y (pMpc),gal coord z (pMpc),Redshift,f_esc_lum,lya_lum,NIRCam_F200W_dust,mstar
3564,59670933,9.951151093004864,9.875476940206346,9.566086,2.396020222278e+42,1.3536837414e+43,26.267113,0.067073423
3644,59253046,-9.27008371781822,5.486376077892415,9.580293,5.363146573130002e+42,1.2472433891000005e+43,26.459042,0.055157695
5165,59186371,-10.02682524580338,3.064803188339901,9.577507,2.5103888676929996e+42,8.746999539e+42,26.674336,0.051354914
5884,59183442,-10.02682524580338,1.6269942851680945,9.578219,2.3270740533780005e+42,7.116434414000002e+42,26.919381,0.028243165
6175,59173409,-7.605252356250865,2.4594099659517714,9.571938,9.85271795297e+42,3.3974889493e+43,25.439949,0.10888997
7969,59194761,-7.605252356250865,-0.7189044515859041,9.567829,3.496804287713601e+42,5.009748263200002e+42,27.565221,0.015238007
9352,60577893,8.134971425840476,1.2486235211755146,9.573258,2.1468054526308002e+42,3.0581274254000004e+42,27.796996,0.013759513
11367,60520911,2.535084118750287,-2.9891290355413855,9.583023,4.991105907647999e+42,1.1827265183999998e+43,26.245974,0.075303243
