index,halo_id_nbody,gal coord y (pMpc),gal coord z (pMpc),Redshift,f_esc_lum,lya_lum,NIRCam_F200W_dust,mstar
824,60351707,6.0139967282512234,9.72073685006644,9.568924,3.7368936225960005e+43,3.1668590022000007e+43,25.61167,0.069801235
1866,44363150,7.678247395188668,7.2243608496602745,9.580719,2.2811958344009996e+42,3.2681888745e+42,27.850544,0.0091197455
6409,58182721,-4.1228027885495795,1.702074545731478,9.576693,2.1666801844328996e+42,5.0271001958999995e+42,27.280667,0.023325325
8602,59196063,2.458552121612134,-1.9290178184956748,9.572595,4.8308216844420004e+42,6.881512371000001e+42,27.536238,0.032233812
9246,58189871,-5.787053455487024,-2.609847636788265,9.571112,3.711700094455499e+42,5.049932101299999e+42,27.294266,0.018270214
9795,58197015,-8.132133940717061,-3.06373418231666,9.584204,6.212554171121999e+42,3.3400828876999996e+43,25.611667,0.12028607
9809,58197170,-7.980838425540929,-2.912438667140529,9.585658,2.096410193619e+42,4.8753725433e+42,27.425458,0.014306872
11768,58112048,-5.3331669099586305,-7.224360849660273,9.580596,2.776765226894999e+42,3.978173677499999e+42,27.647654,0.0095809698
