index,halo_id_nbody,gal coord y (pMpc),gal coord z (pMpc),Redshift,f_esc_lum,lya_lum,NIRCam_F200W_dust,mstar
1825,54543831,-6.570910164711612,8.302167932659582,9.018472,2.2760678037199998e+42,7.848509668e+42,27.022498,0.019987093
3007,60170935,8.93171621191339,3.3444752335358516,9.036789,2.1756636734174997e+42,2.9600866304999994e+42,27.922758,0.014850777
3742,54620933,-7.672619653405774,5.311813606203999,9.023318,2.2048261157160007e+42,3.499723993200001e+43,25.400613,0.12844544
6677,56768236,0.2754273721735406,-1.4558303957744292,9.023715,2.94261931611e+42,1.0146963159e+43,26.581885,0.052041686
10600,56778047,0.6688950467071707,-7.908700258125952,9.034057,2.0878552456649998e+42,4.8554773154999995e+42,27.27789,0.039745852
