index,halo_id_nbody,gal coord y (pMpc),gal coord z (pMpc),Redshift,f_esc_lum,lya_lum,NIRCam_F200W_dust,mstar
14374,27296218,8.377699701668012,-4.952151379208203,9.78829,2.1331659228722602e+42,5.0548955518300006e+42,27.466424,0.015887756
