index,halo_id_nbody,gal coord y (pMpc),gal coord z (pMpc),Redshift,f_esc_lum,lya_lum,NIRCam_F200W_dust,mstar
3951,58180747,-3.3962036165970857,4.7699488997150095,9.443427,2.175181483552e+42,1.4124555088e+43,26.315877,0.06034711
4344,60294716,7.212162736369095,1.8698199686882828,9.453776,3.1593453352109995e+42,4.5004919305e+42,27.542685,0.00903979
4597,59253648,1.4882240567110834,2.8619693398290056,9.46037,2.4949327447240004e+42,8.693145452000002e+42,26.930731,0.028700267
5543,58178915,-3.7014803461788466,3.1672460694107665,9.458339,2.6680154159179996e+42,4.3737957637999997e+43,25.741655,0.20299928
6977,59179651,2.098777515874605,-0.34343632077948105,9.445249,6.887862768013999e+42,5.8371718373e+42,27.096297,0.024026568
7632,44173529,10.03597248500038,-2.556692610247245,9.447987,4.51099568735e+42,1.0490687645e+43,26.441886,0.098398981
8546,59188271,1.106628144733882,-2.327735063060925,9.458302,3.215387410302599e+42,4.580323946299999e+42,27.902491,0.03035608
9664,58109864,-3.0909268870153257,-3.6251611637834067,9.457632,4.2688811065850005e+42,9.904596535000001e+42,26.576868,0.031452927
10438,56954616,-8.738546384277894,-4.617310534924129,9.455279,3.3739001412199995e+42,1.1634138418e+43,26.331565,0.075171767
