index,halo_id_nbody,gal coord y (pMpc),gal coord z (pMpc),Redshift,f_esc_lum,lya_lum,NIRCam_F200W_dust,mstar
5863,60235537,8.113590509118891,0.3428277679909395,9.468131,2.127900109888e+42,1.8999108124e+43,26.049178,0.061027792
7636,44173330,9.865821323294803,-2.247426479051712,9.463248,2.0818260339945998e+42,5.5813030402e+42,27.301446,0.037924932
7985,59176750,0.8761154070879557,-0.6475635617606633,9.481056,5.921380860258e+42,5.018119373099999e+42,27.296535,0.020479589
9397,44178581,9.71345342640994,-5.904256004288395,9.467994,2.17596567651e+42,7.503329919000001e+42,26.933379,0.024528073
12212,58112450,-4.380577035439776,-8.113590509118891,9.487095,2.4222125671169997e+42,3.2955273022e+42,27.777102,0.0093124712
