index,halo_id_nbody,gal coord y (pMpc),gal coord z (pMpc),Redshift,f_esc_lum,lya_lum,NIRCam_F200W_dust,mstar
2347,59093019,8.22689909311551,4.483854955963429,9.15176,2.3998893138940003e+42,2.0338045033000004e+42,28.155542,0.0088187968
3049,57951622,5.8874965073954595,4.561835042154098,9.145142,5.4798298932780003e+42,7.806025489000001e+42,27.575071,0.024423064
5847,58034343,0.7408108188113505,0.6628307326206816,9.161684,4.6164575299199993e+42,3.912252144e+42,27.518181,0.02575492
7949,55736087,-10.332361420263556,-0.11697012928600138,9.138132,8.108895545310001e+42,1.1032510946000002e+43,26.555116,0.028846439
7970,55729247,-9.786500816928879,0.11697012928600331,9.150805,7.271235960066e+42,1.0357885982999999e+43,26.534159,0.028942037
10895,55669324,-6.745277455492811,-6.589317283111476,9.16061,2.658689229312e+42,2.0771009604e+43,26.007182,0.098220208
