index,halo_id_nbody,gal coord y (pMpc),gal coord z (pMpc),Redshift,f_esc_lum,lya_lum,NIRCam_F200W_dust,mstar
13548,36736890,-4.214767788792544,6.825685888044562,9.783715,2.1612074088471997e+42,5.2456490505999993e+42,27.298022,0.012537059
14131,36699657,-3.170400549091737,0.7086777697969775,9.770694,2.5408515131560008e+42,2.1532639942000007e+42,28.021797,0.013364284
14362,27296542,10.107982927104242,-5.408330348450609,9.763596,2.8108450477049994e+42,8.595856414999999e+42,26.721223,0.033990515
