index,halo_id_nbody,gal coord y (pMpc),gal coord z (pMpc),Redshift,f_esc_lum,lya_lum,NIRCam_F200W_dust,mstar
32798,80890666,-3.5604858801396975,8.361140999429178,8.807378,8.616941007620001e+42,1.2345187690000002e+43,26.320198,0.040536335
34502,82424570,-2.9203985309011005,5.8007916024747885,8.810891,2.0518633162934003e+42,2.939632258300001e+42,27.791449,0.01170656
34600,79518251,-8.441151918084003,6.84093354498751,8.803718,2.844018005955e+42,3.8694122529999997e+42,27.561464,0.017020665
35537,79518633,-9.161250185977424,5.64076976516514,8.809683,2.43681223489e+42,1.303108147e+43,26.423279,0.075069601
35813,86728052,8.92121743001295,2.1202893443528543,8.79096,3.8682832106259997e+42,3.2782061107e+42,27.593224,0.023398366
36015,85256589,5.000682415926542,1.8002456697335554,8.794625,3.9420770071979994e+42,9.341414709e+42,26.892344,0.01847028
40582,85175711,2.680365774936627,-2.360322100317328,8.804712,5.1066578206560017e+42,4.327676119200002e+42,27.407079,0.024272615
41756,85176124,2.1202893443528543,-3.7205077174493466,8.802118,5.371375506616e+42,5.0673353836e+43,26.012677,0.21006357
43038,80826659,-7.000955382297159,-3.3204531241752235,8.787646,4.308865691982e+42,3.6515810949e+42,27.700227,0.017308549
