index,halo_id_nbody,gal coord y (pMpc),gal coord z (pMpc),Redshift,f_esc_lum,lya_lum,NIRCam_F200W_dust,mstar
167,60162390,8.335107300405628,9.196010401855972,9.087626,4.7763032311189984e+42,1.6642171536999996e+43,26.408317,0.039847168
1072,59087869,5.9089258326819225,8.178579463778291,9.094997,2.5301618404100007e+42,2.144204949500001e+42,28.146695,0.012010933
3099,56815048,0.11739587747050259,5.048022731231576,9.097325,2.0159219438157e+42,4.6773130946999996e+42,27.461606,0.012890573
4430,55724236,-6.143717587622927,3.3262165283308853,9.094964,9.201112337214001e+42,4.946834589900001e+43,25.337361,0.13194824
5054,56822007,0.5869793873525091,0.9000350606071807,9.096949,2.4442552247076006e+42,3.501798316200001e+42,27.646526,0.018057454
10578,57909187,3.639272201585555,-8.6481629736603,9.09842,2.5991198395680003e+42,3.5362174688000003e+42,27.696908,0.012307159
11360,56780213,-2.7783691001352087,-8.726426891973968,9.104361,4.219133212808e+42,1.1311349096e+43,26.611233,0.037137135
