index,halo_id_nbody,gal coord y (pMpc),gal coord z (pMpc),Redshift,f_esc_lum,lya_lum,NIRCam_F200W_dust,mstar
6583,57899096,4.359514457063071,-1.845920535873551,9.051053,5.593762820700001e+42,1.3577094225e+43,26.52472,0.059721385
9366,57905474,1.6888209157992071,-6.323259707992381,9.057472,6.999781732398001e+42,9.971199049000001e+42,26.457664,0.071601182
9932,57905699,1.45317148568769,-6.794558568215415,9.06197,4.4065809251099997e+42,2.489593743e+43,25.681217,0.12450928
