index,halo_id_nbody,gal coord y (pMpc),gal coord z (pMpc),Redshift,f_esc_lum,lya_lum,NIRCam_F200W_dust,mstar
34362,77871634,-10.782043474041128,6.764399898162684,8.465426,3.792546177357e+42,1.3214446611000002e+43,26.425646,0.10631796
34728,83578870,7.502334432507705,2.3367926920925632,8.481593,3.160648847409999e+42,1.0898789128999998e+43,27.550185,0.11102877
36814,80737315,-2.254799966054227,2.0088217879392207,8.474618,1.2039413145029998e+43,2.7998635220999996e+43,25.69613,0.089637382
37205,79349139,-10.044108939696107,3.1567199524759206,8.479181,2.807664198479799e+42,4.0224415450999994e+42,27.437726,0.016693276
37602,83586483,6.518421720047679,-0.9429163494408593,8.462831,2.1342403500604002e+42,5.7218239948e+42,27.030028,0.039004383
38290,79346506,-9.716138035542766,2.0088217879392207,8.485109,5.0460097143280005e+42,1.2247596394000002e+43,26.737368,0.088641995
44576,80559457,-2.6647635962459058,-7.8303053366610476,8.474107,2.780350668146999e+42,7.454023238999997e+42,26.891988,0.03535244
