index,halo_id_nbody,gal coord y (pMpc),gal coord z (pMpc),Redshift,f_esc_lum,lya_lum,NIRCam_F200W_dust,mstar
6754,59027390,4.149361223902835,-0.7368024603191943,9.226304,1.3668411610350001e+43,6.357400749000001e+43,25.948416,0.39515203
6777,59027713,3.9942449164672156,-0.6592443066013857,9.225867,7.782470214714002e+42,1.1086139907000003e+43,26.433126,0.040146489
10813,56834067,-2.7533144569822547,-6.941454757743996,9.21932,4.610403112296e+42,6.605162052e+42,26.952841,0.046054427
