index,halo_id_nbody,gal coord y (pMpc),gal coord z (pMpc),Redshift,f_esc_lum,lya_lum,NIRCam_F200W_dust,mstar
30122,85247810,5.949747951137222,9.783142604218925,8.826034,1.3736120062140003e+43,1.8688598724000006e+43,26.58367,0.12311378
34597,79518133,-7.946307666283943,6.90809661440765,8.81909,5.3265373646440024e+42,4.514014715800002e+42,27.497729,0.015623588
35064,86725516,8.345619609313285,3.6337386815670296,8.826425,1.0632018783132002e+43,2.5194357306000006e+43,25.888086,0.089862979
35076,86725014,9.224105883977844,3.3142891271435544,8.81971,2.33879845569e+42,3.834095829e+43,25.831225,0.21087103
38731,79524192,-9.144243495371972,2.5156652410848674,8.820853,2.7104568162945e+42,3.6876963487e+42,27.70482,0.0093552213
38757,79522707,-9.942867381430661,2.5156652410848674,8.83151,2.176145220834e+42,3.099921967e+42,27.793772,0.0083392921
41774,85176625,2.1163532980555226,-3.474013904355291,8.814292,2.079312818378e+43,1.7621295071000002e+43,26.096195,0.1004518
48137,79367367,-10.661628878883478,-9.303968272583711,8.824741,5.1396260864550005e+42,6.992688553e+42,27.014078,0.024745881
