index,halo_id_nbody,gal coord y (pMpc),gal coord z (pMpc),Redshift,f_esc_lum,lya_lum,NIRCam_F200W_dust,mstar
13233,37417720,2.1892346251302786,9.313523574706776,9.851785,2.6557750974405004e+43,3.613299452300001e+43,25.323742,0.20158169
13861,36010915,-6.790337905065101,4.712420294771956,9.845476,2.1012211796608e+42,3.0103455296e+42,27.9708,0.013565082
