index,halo_id_nbody,gal coord y (pMpc),gal coord z (pMpc),Redshift,f_esc_lum,lya_lum,NIRCam_F200W_dust,mstar
726,56869123,-2.140570736763387,10.625014747934637,9.176944,4.1589184573e+42,1.0094462275e+43,26.637358,0.029735702
5474,55795225,-9.535269645582364,3.6973494544094887,9.171613,4.1316778738080005e+42,9.586259568000001e+42,27.014397,0.036422197
5480,55795263,-9.690947517346975,3.619510518527183,9.175131,4.984565236509001e+42,2.8161385517000005e+43,26.262649,0.11957661
7216,55729615,-9.14607496617084,0.5837920191172877,9.171826,2.4576268305960012e+42,2.082734602200001e+42,28.181497,0.007569735
8409,56823330,-4.6314166849971485,-2.140570736763387,9.169006,2.5587056190780003e+42,4.0614374906000006e+43,26.019813,0.18343088
11378,57907788,0.6616309549995933,-8.83471922264162,9.179459,4.071633903919399e+42,5.8332863953e+42,27.213983,0.024233804
