index,halo_id_nbody,gal coord y (pMpc),gal coord z (pMpc),Redshift,f_esc_lum,lya_lum,NIRCam_F200W_dust,mstar
2822,59400864,-0.7901305645572877,7.7131793206782895,9.65156,3.1543990875072e+42,4.4934459936e+42,27.361429,0.017848379
11719,59348657,-1.6931369240513316,-6.810172961184243,9.643125,2.6828927000200002e+42,9.251354138000001e+42,26.76196,0.02139064
