index,halo_id_nbody,gal coord y (pMpc),gal coord z (pMpc),Redshift,f_esc_lum,lya_lum,NIRCam_F200W_dust,mstar
5313,56882103,-4.623048409084454,3.0690825572913605,9.200899,5.7531875247e+42,7.82746602e+42,26.988582,0.028215357
5317,56882192,-4.5453501164948,2.991384264701707,9.203379,5.202443735528e+42,1.2328065724e+43,26.400129,0.041274972
