index,halo_id_nbody,gal coord y (pMpc),gal coord z (pMpc),Redshift,f_esc_lum,lya_lum,NIRCam_F200W_dust,mstar
2720,60427967,3.1283727430903183,6.822114054209005,9.626832,2.7938378730255005e+42,3.8011399633000006e+42,27.502791,0.019361662
4176,58317266,-9.385118229270953,6.897496529946122,9.617124,2.1256241348895003e+42,2.8920056257000004e+42,27.699681,0.017688995
4877,58320168,-7.12364395715747,5.01293463651822,9.628535,5.50389050523e+42,7.840299865000001e+42,26.888423,0.018422485
5949,44301234,9.158970802059605,0.11307371360567489,9.620342,2.8313920986919994e+42,2.3994848293999997e+42,28.018546,0.01090084
8616,60301096,3.354520170301666,-2.0730180827706914,9.61619,3.174820648384e+42,2.0615718496000001e+43,25.983412,0.056216584
8754,58188352,-6.36981919978631,-1.2438108496624145,9.625075,2.0153631771299994e+42,6.949528196999999e+42,27.045586,0.040023852
