index,halo_id_nbody,gal coord y (pMpc),gal coord z (pMpc),Redshift,f_esc_lum,lya_lum,NIRCam_F200W_dust,mstar
1103,60230447,9.621282677505969,7.45746006730382,9.280319,4.5775849415500014e+42,3.879309272500001e+42,27.556081,0.016576743
1848,58090465,0.038639689467895706,8.23025385666173,9.279249,2.1508810505805e+42,2.9263687763e+42,27.858342,0.010268248
3179,58095702,0.965992236697387,5.680034351780633,9.272006,2.1034101771815998e+42,3.0134816292e+42,28.006915,0.0064343762
9674,55817764,-10.084958951120711,-3.438932362642694,9.267926,3.2256649995930004e+42,9.864418959000001e+42,27.182759,0.049369189
9695,55819968,-10.316797087928084,-2.8979767100921587,9.282704,2.2191204526470004e+42,3.0192115002000005e+42,27.613654,0.025363228
11528,58055451,-3.438932362642694,-7.534739446239612,9.285615,3.8021258482054e+42,5.4471717023000005e+42,27.263411,0.047237595
11576,56837545,-4.8299611834869305,-8.23025385666173,9.285035,5.369245361532e+42,7.648497666000001e+42,27.076179,0.032267122
11664,55743572,-8.307533235597521,-7.148342551560657,9.285774,2.8809202943399995e+42,6.699814638e+42,26.954911,0.035656421
