index,halo_id_nbody,gal coord y (pMpc),gal coord z (pMpc),Redshift,f_esc_lum,lya_lum,NIRCam_F200W_dust,mstar
4632,56949971,-5.50568526302608,4.2736438055656985,9.329713,2.834784445416e+42,3.8568495856e+42,27.619665,0.01330327
6252,56948633,-4.812661943204615,1.8865634817362087,9.318277,5.809677171808e+42,1.4101158184e+43,26.278011,0.061387646
9698,55817383,-9.50981999977232,-3.657623076835508,9.312598,2.6518558344900006e+42,8.109650870000002e+42,26.830559,0.031943582
11487,57974950,-1.1165375708234706,-8.354781133403211,9.337279,3.075782982522e+42,2.6065957479000003e+42,28.247506,0.0040974821
11586,56838192,-5.197674898660985,-7.892765586855569,9.318796,3.337530340177799e+42,4.754316723899999e+42,27.360386,0.014036649
