index,halo_id_nbody,gal coord y (pMpc),gal coord z (pMpc),Redshift,f_esc_lum,lya_lum,NIRCam_F200W_dust,mstar
3,57946486,5.558063680214988,10.761357338288594,9.006184,2.087442556974e+42,1.3211661752999998e+43,26.282446,0.061119905
5733,58967834,5.558063680214988,-1.1431478491222316,9.002903,2.898114323192e+42,7.034258066000001e+42,26.978875,0.020406526
