index,halo_id_nbody,gal coord y (pMpc),gal coord z (pMpc),Redshift,f_esc_lum,lya_lum,NIRCam_F200W_dust,mstar
2072,59397416,0.49084674709000353,8.344394700530065,9.604191,3.1069456260919994e+42,1.0825594516e+43,26.487815,0.037665855
3299,60353826,5.625858870493121,5.625858870493121,9.598235,3.0368679867508e+42,4.3508137346000005e+42,27.526195,0.010437079
3826,44366012,6.834097017176209,3.662471882133107,9.611917,2.4395258257654e+42,5.7808668857e+42,27.122856,0.026159459
4077,58315138,-5.852403522996201,6.381007712170051,9.597356,2.5857833590460005e+42,2.1913418297000006e+42,27.988348,0.014583686
4663,60355913,2.6052635037854066,3.5869569979654137,9.603428,2.159453901227e+42,7.524229621e+42,26.790704,0.04216314
4838,58249456,-4.719680260480807,4.644165376313114,9.593563,7.823100089232e+42,1.1207879784000002e+43,26.53284,0.045014767
6446,58182401,-4.644165376313114,1.8501146621084759,9.596388,2.5062805253772e+42,3.5702001786e+42,27.660278,0.013424422
7410,58182982,-4.644165376313114,1.0194509362638537,9.604647,4.5895857529850005e+42,2.1346910479000004e+43,25.834547,0.1322212
11716,59349012,-3.209382577126949,-6.834097017176209,9.588163,3.279324026590501e+42,4.461665342300001e+42,27.476743,0.03340049
