index,halo_id_nbody,gal coord y (pMpc),gal coord z (pMpc),Redshift,f_esc_lum,lya_lum,NIRCam_F200W_dust,mstar
1970,58172086,-2.5658015391071887,8.23354225235889,9.38751,3.2957049212550003e+42,1.8619801815000002e+43,25.871796,0.13209578
3387,57021942,-7.084675891564625,6.471947165807684,9.396525,2.2671607575853006e+42,5.2602337763000017e+42,27.313142,0.017729843
11400,60242916,4.327396625658393,-9.152635340994298,9.396823,2.904471676262e+42,6.738913402e+42,27.003113,0.035054948
