index,halo_id_nbody,gal coord y (pMpc),gal coord z (pMpc),Redshift,f_esc_lum,lya_lum,NIRCam_F200W_dust,mstar
29282,86708222,9.79030080948596,10.265942954076369,8.914651,2.6048372058975008e+42,3.543996198500001e+42,27.476472,0.020462877
31298,86799999,8.521921757244861,8.363374375714724,8.925357,2.2787059090005e+42,3.1002801483e+42,27.730244,0.012553505
32814,82423456,-0.7531000622681497,8.12555330341952,8.925075,2.3122181705918007e+42,5.3647753378000015e+42,27.217281,0.036039597
33551,85336379,4.558237218991437,6.381532106588015,8.931552,2.2082828425664007e+42,5.2328977312000015e+42,27.226384,0.015095108
33597,85335476,3.0520370944551374,6.143711034292807,8.922284,2.1308501393340003e+42,5.712734958000001e+42,27.339554,0.012316746
37296,83939162,0.03963684538253451,2.3385738775695204,8.917006,2.3238754785400002e+42,1.0808723156000001e+43,26.95311,0.067922138
42062,82367899,-4.161868765166095,-1.8629317329791082,8.91344,2.2794734669369994e+42,5.3011010858999987e+42,27.388172,0.01754763
44767,86649160,6.7779005604133555,-7.174269014238697,8.925091,2.99574699421e+42,1.0330162049000002e+43,26.368356,0.065000978
46112,80826272,-7.967005921889382,-5.588795198937327,8.925575,2.7948046062799997e+42,6.499545595999999e+42,26.963277,0.029415729
