index,halo_id_nbody,gal coord y (pMpc),gal coord z (pMpc),Redshift,f_esc_lum,lya_lum,NIRCam_F200W_dust,mstar
6244,56946834,-5.669844236709691,1.9670888168176477,9.294666,2.0179478476666e+42,2.8910427617e+42,27.956682,0.0069098242
6712,60173495,7.675503422484548,-1.504244389331143,9.301051,2.4164773260879994e+42,8.419781623999999e+42,26.988908,0.040578121
8087,55806065,-9.912584822002657,0.5014147964437137,9.30473,2.329948666562e+42,5.521205371e+42,27.084901,0.025550462
