index,halo_id_nbody,gal coord y (pMpc),gal coord z (pMpc),Redshift,f_esc_lum,lya_lum,NIRCam_F200W_dust,mstar
2918,58312475,-8.075297284356695,8.901606773918775,9.665165,1.3071618865889995e+43,1.8620539694999994e+43,25.861377,0.092956135
8480,44308000,7.098749705783329,-2.5164879909390634,9.673136,4.865109085888e+42,4.1229738016000007e+42,27.449044,0.015219148
