index,halo_id_nbody,gal coord y (pMpc),gal coord z (pMpc),Redshift,f_esc_lum,lya_lum,NIRCam_F200W_dust,mstar
30226,85332616,4.583578207528296,9.286728020470376,8.845271,4.101683888339999e+42,1.4143737545999998e+43,26.277587,0.055082033
31392,85332948,4.902435821965047,8.967870406033622,8.841833,2.1459279161892e+42,3.0743952954e+42,27.737929,0.017366524
37445,79526530,-9.924443249343875,4.185006189482358,8.848841,2.3868683434610004e+42,5.550856612700001e+42,27.618794,0.013940474
37459,79526666,-9.844728845734688,4.185006189482358,8.849065,3.97884852561e+42,6.522702501e+43,25.2689,0.3471454
38492,83872792,0.6775724306780966,0.9964300451148478,8.845845,5.1074600719800006e+42,6.948925268000001e+42,26.903712,0.024374832
42047,82364960,-5.221293436401798,-1.6341452739883482,8.852456,4.542401598636e+42,3.8494928802e+42,27.365231,0.026405748
47482,85181275,5.301007840010986,-10.80130168904494,8.844156,4.450899601463999e+42,3.7719488147999995e+42,27.45689,0.018765969
