index,halo_id_nbody,gal coord y (pMpc),gal coord z (pMpc),Redshift,f_esc_lum,lya_lum,NIRCam_F200W_dust,mstar
4830,55882144,-9.168968513532619,5.332580014146586,9.377786,3.462002455341e+42,4.9598889045000005e+42,27.363399,0.017701257
5250,59252656,2.340196984625481,1.956558134686877,9.377995,2.0086118957392e+42,4.8752715916e+42,27.235839,0.045625723
7731,59185523,2.340196984625481,-1.4194637447728324,9.369783,3.458891711514e+42,2.9312641623e+42,27.826541,0.019813982
8526,58045693,-1.1892804348096708,-1.8798303646991559,9.386182,2.4671916963720005e+42,3.514518086000001e+42,27.637396,0.013813977
12246,56902468,-7.634413113778207,-8.631874123618575,9.384888,3.04631464896e+42,1.4168905344e+43,26.429848,0.043827652
