index,halo_id_nbody,gal coord y (pMpc),gal coord z (pMpc),Redshift,f_esc_lum,lya_lum,NIRCam_F200W_dust,mstar
31729,85333402,3.6930326732187675,8.77591635248761,8.904249,3.294786256482e+42,1.1480091486e+43,26.411763,0.039662784
34641,80993169,-9.093596582441911,7.66403554764755,8.890152,3.0302710802207995e+42,4.316625470399999e+42,27.475281,0.013583553
37044,86732360,8.93475646746476,0.3573902586985909,8.909463,5.254983438217999e+42,4.4533757950999994e+42,27.488072,0.02433663
42085,80821394,-7.108095145227521,-1.8663713509815267,8.894517,2.7413963672680008e+42,7.349588116000002e+42,26.989037,0.033453556
46069,80827654,-6.472734685318915,-5.9962143403874615,8.896134,6.5025052512e+42,8.84694592e+42,26.625646,0.036441601
46525,88048394,9.808377099839095,-10.602577674724849,8.906682,2.2838778317252002e+42,5.4120327766000006e+42,27.738414,0.028652493
46536,88048644,9.728957042350519,-10.840837847190578,8.903811,2.867722840684e+42,2.4302735938e+42,27.937817,0.018770228
