index,halo_id_nbody,gal coord y (pMpc),gal coord z (pMpc),Redshift,f_esc_lum,lya_lum,NIRCam_F200W_dust,mstar
29047,83751161,6.097519280152498,10.78170627682594,8.675891,3.5737814524716004e+42,5.120030734200001e+42,27.250934,0.022812748
34848,85162377,8.197327244178526,3.1900928684241543,8.683515,8.904270732629999e+42,1.2114654058e+43,26.387854,0.063608773
34849,85162381,8.197327244178526,3.2708547131943866,8.684988,3.1681045396799994e+42,7.367684975999998e+42,26.85539,0.031034467
36641,86637274,10.78170627682594,-0.2826664566958111,8.682391,4.12002308319e+42,1.259945897e+43,26.252262,0.088459401
38681,79351298,-10.29713520820455,1.4133322834790554,8.667979,2.3912511941119998e+42,1.8681649953999998e+43,26.569947,0.068795756
42671,83607356,2.0594270416409097,-5.451424521990644,8.677497,4.640352758091999e+42,6.648069853999999e+42,26.959529,0.033757112
46816,82177953,-3.5131402475050817,-8.520374623259451,8.671788,2.7777373480869996e+42,7.447017018999999e+42,26.886342,0.034258228
46840,82177268,-2.7862836445729946,-8.843422002340379,8.676052,1.661911917875e+43,3.855944125e+43,27.156459,0.26879727
47616,82182790,-4.80532976382879,-9.731802294812928,8.686893,2.4200130911240003e+42,2.0508585518000004e+42,28.061095,0.014878354
