index,halo_id_nbody,gal coord y (pMpc),gal coord z (pMpc),Redshift,f_esc_lum,lya_lum,NIRCam_F200W_dust,mstar
1398,59398998,-1.252595995598504,9.679150875079355,9.51758,2.39118284654e+42,6.462656342000001e+43,24.990244,0.37111322
1399,59399011,-1.252595995598504,9.603235966255202,9.519005,6.832447892040001e+42,5.790210078000001e+42,27.140072,0.025032654
4618,59333019,1.935830175015871,3.454128351498908,9.525731,2.497641612592e+42,2.1166454344e+42,28.119774,0.013531083
6386,58103479,-3.681873077971362,1.4044258132468086,9.51845,5.3509402968e+42,7.28019088e+42,26.94613,0.019712459
8094,58185183,-4.972426527981943,0.18978727206037893,9.513488,2.0125437175202006e+42,2.883300454900001e+42,27.972137,0.0080046015
11088,58114053,-5.048341436806094,-6.187065069168372,9.51987,8.207463183139002e+42,2.2003922743000005e+43,26.278696,0.10928671
11787,56962695,-9.830980692727659,-6.414809795640828,9.523937,3.58099038865e+42,3.0347376175e+42,27.785872,0.016965622
