index,halo_id_nbody,gal coord y (pMpc),gal coord z (pMpc),Redshift,f_esc_lum,lya_lum,NIRCam_F200W_dust,mstar
6864,59174674,0.9608116993691733,-0.883946763419639,9.351489,4.4369032231920006e+42,1.1895182904000002e+43,26.425775,0.046033318
7348,55805941,-8.954765038120687,0.8070818274701047,9.346559,3.275086945115999e+42,4.455900605599999e+42,27.387311,0.018481571
9158,56890993,-5.418977984442132,-2.805570162157984,9.360753,3.673697313012e+42,8.916741051000001e+42,26.969448,0.019595327
9219,56891775,-8.262980614574884,-2.7287052262084495,9.362009,2.2641832625256004e+42,3.225332282800001e+42,27.660428,0.015397425
10840,57973997,-0.7302168915205703,-7.648061126978614,9.342729,2.401760346067e+42,5.5854891769e+42,27.133771,0.026253345
10842,57974051,-0.7302168915205703,-7.648061126978614,9.339397,2.1448195376850003e+42,6.559081155e+42,27.05724,0.021213754
