index,halo_id_nbody,gal coord y (pMpc),gal coord z (pMpc),Redshift,f_esc_lum,lya_lum,NIRCam_F200W_dust,mstar
5155,59174254,4.854885875310347,1.0321410916014115,9.418903,2.5292537349767998e+42,3.6029255484e+42,27.776128,0.027524522
5370,59170443,1.3379606742981265,1.6437802569948414,9.436675,2.3776285670262e+42,3.4063446519e+42,27.635611,0.011893703
9706,56955719,-6.842713162838992,-3.9374271272202024,9.420638,2.5846509382860005e+42,3.702938307000001e+42,27.589206,0.021012173
