index,halo_id_nbody,gal coord y (pMpc),gal coord z (pMpc),Redshift,f_esc_lum,lya_lum,NIRCam_F200W_dust,mstar
667,56867827,-1.2937089890651772,10.232062004424591,9.077577,3.24351878610938e+43,2.748744733991e+43,25.574273,0.069428902
