index,halo_id_nbody,gal coord y (pMpc),gal coord z (pMpc),Redshift,f_esc_lum,lya_lum,NIRCam_F200W_dust,mstar
620,59089777,8.941838677424494,8.245072027235572,9.245886,2.328667317235e+42,8.113823405e+42,26.837987,0.031718296
1962,56938002,-4.374146192852674,8.245072027235572,9.25892,4.2051648212964e+42,5.9902632782e+42,27.114757,0.033993404
4511,56883147,-2.3612647589735682,3.135449925850147,9.257001,5.791535577044e+42,1.4057125187000002e+43,26.467139,0.090751974
4517,56884409,-3.0580314091624885,3.445123992600779,9.250749,2.4685034100762e+42,5.8495341471e+42,27.180102,0.038108746
8922,57963309,1.1999870086586988,-4.1418906427897,9.241185,2.4273767601251993e+42,3.4578016525999994e+42,27.661925,0.012617511
10324,55739143,-9.019257194112152,-4.838657292978622,9.242258,4.356396272758001e+42,3.691861248100001e+42,27.454058,0.023578606
