index,halo_id_nbody,gal coord y (pMpc),gal coord z (pMpc),Redshift,f_esc_lum,lya_lum,NIRCam_F200W_dust,mstar
4601,59333227,1.5590084234762471,3.4602382082033762,9.503974,3.166737421736e+42,7.686255878e+42,26.730205,0.041635609
4771,58257839,-5.513566375708675,4.1446809307051415,9.489559,2.3333938753337995e+42,3.3429711680999996e+42,27.641514,0.015444473
5260,59169430,4.524926887650568,1.2548116579199062,9.491704,2.2748952578987993e+42,3.2591622605999994e+42,27.967171,0.0056093178
7185,59176723,1.102713275141735,-0.6464181268072245,9.490795,3.0733758931291995e+42,4.4031173254e+42,27.449153,0.012308414
7243,59189821,-0.26617216986179804,0.19012297847271234,9.494464,2.9189024859854994e+43,3.9712958992999996e+43,25.166585,0.14813982
7766,60238398,6.350107480988611,-1.4829592320871614,9.491876,5.027486306942e+42,1.1913474661e+43,26.407781,0.032034164
