index,halo_id_nbody,gal coord y (pMpc),gal coord z (pMpc),Redshift,f_esc_lum,lya_lum,NIRCam_F200W_dust,mstar
48087,85280401,-1.3032121759667608,-10.544171241912888,8.963508,2.3681341817528e+42,5.7478984994e+42,27.350205,0.027220897
48332,59019712,7.85876433386017,6.910973660429799,8.975202,2.5417423046600004e+42,6.023086030000001e+42,27.170487,0.024247368
48355,54542313,-8.411642226694553,9.754345680720915,8.971727,3.061713528048e+42,4.1655966368e+42,27.422127,0.017744898
48358,54542333,-8.332659670575355,9.754345680720915,8.973416,5.429992399875e+42,1.4557620375e+43,26.253475,0.041778789
48657,60058123,10.544171241912888,-3.9886190840194824,8.98074,7.019812665284998e+42,9.550765530999998e+42,26.747008,0.070712289
