index,halo_id_nbody,gal coord y (pMpc),gal coord z (pMpc),Redshift,f_esc_lum,lya_lum,NIRCam_F200W_dust,mstar
13495,26649486,7.17377818236043,5.463965765839294,9.832406,3.33405175148e+42,2.8254675860000005e+42,27.934093,0.010010565
