index,halo_id_nbody,gal coord y (pMpc),gal coord z (pMpc),Redshift,f_esc_lum,lya_lum,NIRCam_F200W_dust,mstar
10762,55664140,-6.835652785984323,-6.4450440553566475,9.117156,2.973675580298e+42,2.5200640511000005e+42,27.935811,0.011309835
12125,55672505,-10.585496600010009,-9.023061677499305,9.134301,3.5639233280460005e+42,1.0898848098e+43,26.4719,0.03250238
