index,halo_id_nbody,gal coord y (pMpc),gal coord z (pMpc),Redshift,f_esc_lum,lya_lum,NIRCam_F200W_dust,mstar
1274,60348010,3.97850766343312,8.222249171095115,9.562174,4.091732221444e+42,9.931388887000001e+42,26.611839,0.032327093
10118,44244447,6.403502810668544,-6.555065007370757,9.54229,1.165985543109e+43,2.7115942863000004e+43,25.753099,0.053723006
11406,44249152,8.676935761201756,-9.28318454801061,9.549027,1.80497559632729e+43,2.5859249231050004e+43,25.948486,0.059098483
11601,60305751,2.15976130300655,-8.29803026944622,9.561769,4.206288447438e+42,2.7313561347e+43,25.621946,0.11505999
12288,56965603,-9.434746744712825,-7.161313794179614,9.538819,3.378709347950999e+42,4.596883466599999e+42,27.485587,0.0095847385
