index,halo_id_nbody,gal coord y (pMpc),gal coord z (pMpc),Redshift,f_esc_lum,lya_lum,NIRCam_F200W_dust,mstar
2861,51847971,3.068819835314996,2.447286704111959,9.197757,2.2113331237078e+42,3.1680990311e+42,27.697168,0.016399483
6478,52859955,-3.8457362493187937,1.0488371589051244,9.201798,2.5718015426480004e+42,6.242236754000001e+42,26.885334,0.033615995
7696,54210793,-0.27192074490132856,-8.274159809140434,9.199731,6.483044633959999e+42,5.494105621999999e+42,27.072611,0.03101138
10702,54154151,-6.254177132730563,-8.118776526339675,9.204416,5.1620752346920013e+42,4.374640029400001e+42,27.727578,0.010733076
