index,halo_id_nbody,gal coord y (pMpc),gal coord z (pMpc),Redshift,f_esc_lum,lya_lum,NIRCam_F200W_dust,mstar
24860,81856147,5.616020945505052,4.7141781659348965,8.485575,2.0871154518083997e+42,2.9730989342e+42,27.841568,0.007747917
24861,81856183,5.534035238271402,4.550206751467596,8.481194,2.1482841845927e+42,4.9844180617e+42,27.229607,0.029286381
29912,83484566,1.8446784127571325,-0.8608499259533305,8.482235,5.982190272e+42,1.39120704e+43,26.732698,0.12006448
32007,83373106,0.1229785608504755,-1.3527641693552326,8.471033,2.1233027096400004e+42,2.888847224000001e+42,27.702729,0.025312067
33356,83282023,-4.9601352876358495,3.9763068008320435,8.482163,1.3032071948677e+43,3.0236825867e+43,26.64539,0.15722032
33369,83282274,-4.796163873168549,3.648363971897442,8.47921,3.325004713842001e+42,4.5238159372000014e+42,27.540273,0.014498375
34081,84985463,-0.6148928042523796,-4.058292508065696,8.472696,4.775239557066e+42,6.841317417e+42,27.05909,0.017548196
38003,84881823,-5.616020945505053,-0.9428356331869808,8.478372,3.0722781887100005e+42,7.144832997000002e+42,26.981648,0.03613219
44679,84800989,-10.781120501225026,-2.4185783633926867,8.480825,3.4138589920479997e+42,9.152436975999999e+42,26.79318,0.10451177
