index,halo_id_nbody,gal coord y (pMpc),gal coord z (pMpc),Redshift,f_esc_lum,lya_lum,NIRCam_F200W_dust,mstar
2965,49574739,8.112895963275246,4.7610891803258495,9.470724,7.877593310849998e+42,2.7164114865e+43,25.686988,0.097875167
3072,49575332,8.493783097701316,3.9231374845884988,9.486152,2.3616781980320003e+42,5.732228636000001e+42,27.063917,0.023314072
5262,50804051,6.741702279341403,-1.2569275436060252,9.484911,4.80845127867e+42,2.5851888595000003e+43,26.295885,0.16861254
5406,50955743,8.87467023212738,-6.817879706226616,9.462895,3.23580742981132e+42,4.63582726334e+42,27.450683,0.012937973
5957,50803179,4.7610891803258495,-0.4951532747538898,9.47281,1.5061648763538005e+43,2.1455340119000008e+43,26.347848,0.057367994
6858,50879683,5.979928010489267,-5.065798887866705,9.481843,4.714145945896e+42,3.9950389372000004e+42,27.545889,0.014578763
7025,49315924,-4.837266607211064,10.169686489176012,9.473858,3.39945888362e+42,7.905718334000001e+42,26.833253,0.039718596
11682,52945351,-6.970234559997044,-2.9328309350807236,9.4632,4.738309974214001e+42,4.015516927300001e+42,27.514782,0.019471724
