index,halo_id_nbody,gal coord y (pMpc),gal coord z (pMpc),Redshift,f_esc_lum,lya_lum,NIRCam_F200W_dust,mstar
7774,50811757,5.0968183421857,-3.964192043922212,9.604206,3.642158191530001e+42,8.630706615000003e+42,26.580519,0.07928139
9251,50740413,0.41529630936327894,-1.3969057678583037,9.593323,6.17917077057e+42,8.407035062e+42,26.883626,0.044471248
12355,51944825,-3.737666784269514,-7.211054098944213,9.608414,2.0145062883347997e+42,2.8696670774e+42,27.782703,0.01466843
12739,51785260,-7.5885961983653765,-5.549868861491096,9.609494,4.700345712525999e+42,2.9749023496999995e+43,25.594907,0.16891714
