index,halo_id_nbody,gal coord y (pMpc),gal coord z (pMpc),Redshift,f_esc_lum,lya_lum,NIRCam_F200W_dust,mstar
2730,50662093,3.2010665798147966,6.440700226856277,9.303948,5.84375699271e+42,7.950689786e+42,27.0004,0.016116318
4899,50600247,-1.5041156218406886,7.289175705843333,9.298255,5.788729966570001e+42,4.9057033615000005e+42,27.205436,0.027311205
4902,50608330,-2.0440545630142686,7.289175705843333,9.308939,5.243608454643999e+42,1.2727204987e+43,26.453551,0.085556148
6264,51635490,-5.8236271512293305,6.6721026302163855,9.294317,2.9758053099762e+42,4.2390389031000004e+42,27.500019,0.010485539
8261,52866113,-3.586737252081641,0.19283533613342138,9.296909,4.18350925699e+42,9.913529045e+42,26.80699,0.023488763
8595,53091756,0.6556401428536327,-9.217529067177548,9.306374,2.2863191346449997e+42,6.991801634999999e+42,27.129466,0.030466172
9849,52933737,-6.5178343613096485,-2.661127638641217,9.290929,4.9778686300349993e+42,6.772610380999999e+42,27.074342,0.045370512
