index,halo_id_nbody,gal coord y (pMpc),gal coord z (pMpc),Redshift,f_esc_lum,lya_lum,NIRCam_F200W_dust,mstar
1668,50734530,6.618716547801932,3.986712306570754,9.262062,2.3628981025379992e+42,2.0024560190999994e+42,28.177284,0.0097787808
1698,50794606,7.779894889521571,2.980357743747069,9.251581,3.5473291228620003e+42,8.230462002000002e+42,26.724287,0.026441943
2294,51933801,7.2380116633857385,2.2836507387152873,9.24468,4.409555397000001e+42,1.0230987000000002e+43,26.75913,0.023501192
6650,53004582,-1.1998842864436263,-1.1224723969956505,9.254917,2.3744181685158002e+42,3.4017452271000005e+42,27.575186,0.01846643
