index,halo_id_nbody,gal coord y (pMpc),gal coord z (pMpc),Redshift,f_esc_lum,lya_lum,NIRCam_F200W_dust,mstar
4322,50664312,1.8061713683005955,4.880505612216506,9.340747,2.7449056654059997e+42,7.358996421999999e+42,27.308286,0.040366217
4893,50603440,-1.7293130122026998,8.185414924426109,9.355942,2.0711762941799998e+42,7.21664214e+42,26.811799,0.03927238
7315,51636094,-2.882188353671165,3.112763421964858,9.359824,5.2558467248640003e+42,7.529866368000001e+42,26.939296,0.020829491
7316,51636103,-2.882188353671165,3.189621778062756,9.3591,4.02599133729e+42,3.4118570655e+42,27.831805,0.0058075365
11913,54220489,-5.264797392705996,-9.87629875857986,9.338395,2.0620056072910005e+42,5.528165167000001e+42,27.352029,0.01797051
