index,halo_id_nbody,gal coord y (pMpc),gal coord z (pMpc),Redshift,f_esc_lum,lya_lum,NIRCam_F200W_dust,mstar
33748,78871636,4.399313211812458,5.350516068420558,8.917475,3.4738364752140006e+42,9.313234518000001e+42,26.671248,0.064783301
34132,78962851,5.9053844014419505,3.289576545769676,8.91564,3.08744248701e+42,7.180098807e+42,26.951896,0.0377497
35735,78755856,2.0213060702922094,6.856587258050049,8.935804,2.2009997200730004e+42,1.1770051979000002e+43,26.495146,0.071992148
35944,78871339,3.7651779740737252,4.874914640116509,8.91427,2.6191473086190006e+42,8.009624797000001e+42,26.959591,0.066706864
36221,78962898,5.271249163703216,3.131042736334993,8.927157,6.84142650933e+42,9.308063278000001e+42,27.019031,0.029143549
42729,78594494,-5.667583687289925,10.740665589199786,8.928261,5.798363124811999e+42,8.307110493999999e+42,26.732004,0.026075454
43646,80353186,-0.9908363089667712,0.2774341665106954,8.928647,2.4356554201035006e+42,3.313816898100001e+42,27.743443,0.018184744
47216,82075247,-1.0701032136841127,-7.4907224957887815,8.926935,4.956247897578e+42,2.6646494073e+43,25.797052,0.10674674
48048,82082640,-1.9420391655748697,-9.94799654202637,8.927626,2.2303510664525993e+42,3.1771382712999994e+42,27.883085,0.016437777
