index,halo_id_nbody,gal coord y (pMpc),gal coord z (pMpc),Redshift,f_esc_lum,lya_lum,NIRCam_F200W_dust,mstar
8656,49822730,8.107220928385393,-7.80833720752326,9.742648,6.46541369649e+42,1.0262561423e+44,24.31903,0.32393275
8668,49822862,8.107220928385393,-8.107220928385395,9.740693,2.971224321222e+42,2.5179867128999996e+42,28.210506,0.0039285734
9487,49744923,5.491988370841718,-7.135848835583458,9.738323,3.326903857701999e+42,2.8194100488999994e+42,27.96183,0.0060164619
11265,49608836,-1.3076162787718386,-2.054825580927174,9.743886,2.058787965186e+42,1.1068752501000001e+43,26.437817,0.07162085
11322,49608850,-1.232895348556305,-2.054825580927174,9.746635,3.169309577183e+42,4.5405581335e+42,27.441119,0.011044339
