index,halo_id_nbody,gal coord y (pMpc),gal coord z (pMpc),Redshift,f_esc_lum,lya_lum,NIRCam_F200W_dust,mstar
7814,49740298,7.297976141790796,-5.4267002079982865,9.723524,3.1094439581625006e+42,4.230535997500001e+42,27.309872,0.026895667
8687,49823455,8.196188590011205,-8.72014585147311,9.72734,2.7403184561235e+42,3.7283244301e+42,27.520789,0.019999505
11764,50681384,-3.630275311557475,-1.0104890042479577,9.720918,4.1433569938339997e+42,3.5113194862999997e+42,27.890325,0.0049929496
13064,51869979,-7.223125104439098,-8.794996888824809,9.728945,3.5646645914568005e+42,5.0778697884000015e+42,27.213369,0.01886917
