index,halo_id_nbody,gal coord y (pMpc),gal coord z (pMpc),Redshift,f_esc_lum,lya_lum,NIRCam_F200W_dust,mstar
7542,49594106,2.6004727861923667,3.0527289229214736,9.634544,3.2538437769126794e+42,8.723441761159999e+42,26.812679,0.03462075
7718,49598271,4.33412131032061,-2.675848808980551,9.624416,6.258727704691998e+42,5.304006529399999e+42,27.195791,0.019955398
7720,49598290,4.33412131032061,-2.675848808980551,9.623596,3.8838849829736e+42,5.5643051332e+42,27.175054,0.017093947
11365,50749563,-1.9220885810987063,-5.615513697719749,9.629467,7.547503815320002e+42,6.396189674000002e+42,27.149728,0.01544127
11867,50681046,-3.2788569912860277,-3.2788569912860277,9.637321,3.685639475037e+42,1.1271068731e+43,26.806461,0.022523906
