index,halo_id_nbody,gal coord y (pMpc),gal coord z (pMpc),Redshift,f_esc_lum,lya_lum,NIRCam_F200W_dust,mstar
5717,48429434,4.10080281255873,6.057149108458312,9.651949,2.198509411924338e+42,3.1497269511810004e+42,27.714419,0.012170851
8158,49449793,-1.6177478985323444,5.455196402027671,9.639342,3.2917823650780005e+42,2.7896460721000005e+42,27.719616,0.019183174
9611,49326962,-5.981905020154482,7.712519051142569,9.649605,2.2507327407600002e+42,3.062221416e+42,27.687098,0.018287351
11933,50748642,-2.069212428355324,-6.80958999149661,9.639748,2.1733987303921e+42,5.8268062477e+42,27.147082,0.023400409
