index,halo_id_nbody,gal coord y (pMpc),gal coord z (pMpc),Redshift,f_esc_lum,lya_lum,NIRCam_F200W_dust,mstar
1218,49568350,10.224035330370642,6.241639546256234,9.390912,3.918211004880001e+42,1.8224237232000005e+43,25.950334,0.069211858
3145,50798390,9.381605452961825,0.42121493870440824,9.406726,3.2153497833639997e+42,7.804247047e+42,26.968419,0.046790186
3937,50873971,8.92209824710247,-2.106074693522043,9.399236,2.3326768862046e+42,3.3229015473e+42,27.854323,0.008632061
6245,50525776,-4.020688051269355,7.696745698144192,9.396715,4.142402061173999e+42,5.900857636999999e+42,27.079224,0.029656551
7557,51777877,0.42121493870440824,-0.1148768014648386,9.409174,4.9867064467739985e+42,7.103570436999998e+42,26.868671,0.035168892
10806,53097625,-2.871920036620967,-7.9264993010738705,9.410516,2.7757606706970002e+42,3.7765451302000004e+42,27.812837,0.010265673
11143,52945391,-6.854315820735375,-3.1016736395506452,9.404781,7.708496776578002e+42,1.0980764639000004e+43,26.536232,0.031114661
