index,halo_id_nbody,gal coord y (pMpc),gal coord z (pMpc),Redshift,f_esc_lum,lya_lum,NIRCam_F200W_dust,mstar
1732,50797130,8.770458669358874,2.6659103444306704,9.274674,2.80156135925e+42,1.303051795e+43,26.443298,0.058227768
7686,53092441,1.0431823086902616,-6.297730233944919,9.272277,2.9394080832586e+42,4.2111863657000006e+42,27.498658,0.0261192
10092,53009114,-3.593183507710905,-6.838639579191721,9.284818,2.5932448839879995e+42,6.294283698999999e+42,27.235089,0.015042778
11127,54082805,-8.847731432965562,-3.8250017985309634,9.282943,3.149365668110999e+42,4.4862758804999995e+42,27.240559,0.025304141
