index,halo_id_nbody,gal coord y (pMpc),gal coord z (pMpc),Redshift,f_esc_lum,lya_lum,NIRCam_F200W_dust,mstar
168,50730358,9.395796010929105,7.992274615105673,9.146537,5.032086933432e+42,2.9775662328e+43,27.342776,0.1429709
4594,53153120,4.093604071151685,-5.029285001700644,9.145462,7.586272149915998e+42,1.0868584741999998e+43,26.486579,0.051403985
4817,51632269,-6.042939343128681,7.992274615105673,9.153259,2.432049001945e+42,5.6559279115e+42,27.198222,0.01626386
6484,52857774,-4.093604071151687,0.6627739924721773,9.144817,7.907253189393002e+42,1.8346295103000003e+43,25.958,0.097460378
6540,52858002,-4.405497714668005,-0.27290693807677885,9.144504,4.083906415914e+42,5.817530507e+42,27.22177,0.013376021
8218,54003909,-6.666726630161318,-1.5204815121420556,9.138846,3.440895638932001e+42,9.224921284000002e+42,26.637864,0.037667933
9230,54078787,-5.2632052343378835,-6.432806397524079,9.141092,3.9339653386450014e+42,1.8297513203000006e+43,26.036551,0.04071041
9732,54008358,-9.083902367412792,-2.456162442691012,9.140025,5.425785965291999e+42,4.5981236993999994e+42,27.447413,0.015802057
