index,halo_id_nbody,gal coord y (pMpc),gal coord z (pMpc),Redshift,f_esc_lum,lya_lum,NIRCam_F200W_dust,mstar
4648,52017388,6.506161954029972,-4.196281970350692,9.332454,2.955231632144e+42,1.5803377711999998e+43,26.292364,0.035988343
5649,50667342,-1.5014219893915326,5.197229963278379,9.32074,2.4059860921739994e+42,8.383226801999998e+42,26.862266,0.024798486
6399,51638473,-3.426321975790932,4.19628197035069,9.332198,4.633987450974001e+42,3.927108009300001e+42,27.496689,0.022379049
8325,51712193,-3.5033179752469086,-0.8084579942877491,9.318569,2.9324024540460005e+42,4.177211473000001e+42,27.567056,0.0076857423
8796,51640019,-8.046081943149492,5.197229963278379,9.33056,2.9042151706151996e+42,4.1370586476e+42,27.372182,0.022957357
9778,52870086,-5.736201959470211,-1.4244259899355565,9.31258,3.66984203007e+42,8.534516349e+42,26.705915,0.049240381
11200,52936305,-6.8911419513098515,-4.966241964910452,9.314373,2.7185691621582e+42,3.8726056441e+42,27.722458,0.00713969
