index,halo_id_nbody,gal coord y (pMpc),gal coord z (pMpc),Redshift,f_esc_lum,lya_lum,NIRCam_F200W_dust,mstar
3731,49581974,7.842672267373858,4.6601385936569315,9.538441,2.082746864585e+42,9.687194719000001e+42,26.602483,0.037591859
5084,49585884,4.4328147598200065,5.342110095167701,9.549023,5.1412529252700016e+42,3.338475925500001e+43,25.737758,0.086657221
6608,49589346,1.7049287537769247,3.0688717567984662,9.542894,7.440651722948001e+42,1.8059834279000002e+43,26.129041,0.056543777
6617,49589450,1.6291541424979503,3.144646368077441,9.547628,7.448191420215e+42,1.0133593769e+43,26.609022,0.02802315
10322,50394637,-10.115910605743093,9.585488326790271,9.558195,3.820541713033499e+42,5.198015936099999e+42,27.235796,0.017510168
11024,50458186,-8.524643768884632,4.887462427493855,9.558925,2.0496245007030003e+42,3.4739398317000005e+43,25.815781,0.30806677
11874,51861149,-4.7359132049359065,-4.887462427493856,9.553337,2.3126091998790003e+42,1.2366894117000002e+43,26.499186,0.020830098
