index,halo_id_nbody,gal coord y (pMpc),gal coord z (pMpc),Redshift,f_esc_lum,lya_lum,NIRCam_F200W_dust,mstar
8651,50881683,5.559634221875004,-9.26605703645834,9.566006,2.17899957618e+42,7.513791642000001e+42,27.143104,0.044258946
10362,50459333,-8.131437807504259,7.98015524364371,9.564507,2.2201879861386998e+42,5.1512482276999993e+42,27.308722,0.014733254
12870,53016157,-10.022469855761063,-5.786558067665821,9.575108,2.2930372479180005e+42,5.332644762600001e+42,27.137258,0.030234084
