index,halo_id_nbody,gal coord y (pMpc),gal coord z (pMpc),Redshift,f_esc_lum,lya_lum,NIRCam_F200W_dust,mstar
49628,54351012,7.858091601843666,-9.516583296705146,8.975118,2.1260254191404e+42,5.1602558717000005e+42,27.223716,0.01960335
49789,54066313,-2.6456891322790237,-0.8292458474307401,8.967571,3.202674578938e+42,2.7141309991000002e+42,27.938743,0.010356923
49950,56491627,-7.226285241896439,-10.385317041632586,8.974303,4.4850901736800006e+42,3.800923876000001e+42,27.573738,0.012259209
49951,56491644,-7.147309446903035,-10.385317041632586,8.974962,8.149585714960001e+42,6.906428572000001e+42,26.88379,0.048504648
