index,halo_id_nbody,gal coord y (pMpc),gal coord z (pMpc),Redshift,f_esc_lum,lya_lum,NIRCam_F200W_dust,mstar
4856,50599352,-1.035736225351263,9.321626028161356,9.369645,3.194690381164001e+42,2.7073647298000012e+42,28.134697,0.0070234003
11051,52791941,-10.012116845062199,2.2632754553972023,9.372113,4.784635679179999e+42,6.854778909999999e+42,27.10075,0.016410625
