index,halo_id_nbody,gal coord y (pMpc),gal coord z (pMpc),Redshift,f_esc_lum,lya_lum,NIRCam_F200W_dust,mstar
142,51764185,5.63641892851875,8.71082925316534,9.006465,7.91180774078e+42,1.1334968110000001e+43,26.465571,0.037462668
456,51825165,7.686025811616475,3.665643079386319,8.996424,2.45382632824e+42,8.549917520000001e+42,26.63582,0.073637071
801,51767826,5.005770656796373,6.188236166275832,9.002679,6.410288818857e+42,2.2335501111000005e+43,26.223436,0.1668839
821,51767850,5.005770656796373,6.109405132310533,9.003198,2.0129517937324996e+42,5.396653602499999e+42,27.269128,0.015584712
1403,52774558,-0.9853879245662163,10.60277406833247,9.01034,2.40743299291e+42,8.301493079000001e+42,26.806474,0.025180166
4209,52846831,-4.296291351108699,5.005770656796373,9.002551,3.773686148435999e+42,8.942384237999999e+42,26.652444,0.029182895
6273,53925778,-9.262646490922421,2.562008603872159,8.999391,2.9750014518980005e+42,2.5211876711000005e+42,28.178867,0.0064621865
6275,53925909,-8.947322355061234,2.6408396378374563,8.996325,2.2936928594685e+42,3.1206705571e+42,28.160883,0.0068310562
6774,55318093,-2.325515501976268,-9.499139592818315,8.999598,2.2123499666177997e+42,3.1695558261e+42,27.884816,0.010159695
