index,halo_id_nbody,gal coord y (pMpc),gal coord z (pMpc),Redshift,f_esc_lum,lya_lum,NIRCam_F200W_dust,mstar
2404,49658559,9.670716391775574,1.41429449207785,9.430483,7.410893430980002e+42,1.7234635886000004e+43,26.161233,0.09432339
2813,49512725,5.7718504946960945,6.154092249311732,9.430754,2.055897434655e+42,2.9454117975e+42,27.713935,0.017876844
4432,49577574,5.007366985464824,2.6374681068478845,9.415954,2.9821687015570007e+43,4.272447996500001e+43,25.211088,0.15299723
4715,50954416,9.900061444544956,-5.92474719654235,9.437464,3.99345694912e+42,9.287109184e+42,26.710975,0.019012848
6311,50527382,-3.4019516160791556,7.453714215004889,9.414733,6.048240603911998e+42,8.615727355999999e+42,26.774835,0.041182771
7758,51943178,3.0961582123866465,-5.618953792849841,9.418975,3.54721191851e+42,2.2450708345e+43,26.245034,0.065801711
7792,51940810,2.8668131596172652,-7.300817513158637,9.414003,4.0893667147499996e+42,3.4655650125e+42,27.776873,0.0095694083
11147,52945472,-6.918575758543001,-2.6374681068478845,9.412672,2.1804669424194003e+42,5.845755877800001e+42,27.422686,0.027279536
12604,53014190,-9.135577935313686,-8.29464607515929,9.433483,2.0460277187530004e+42,4.758203997100001e+42,27.365137,0.016644289
