index,halo_id_nbody,gal coord y (pMpc),gal coord z (pMpc),Redshift,f_esc_lum,lya_lum,NIRCam_F200W_dust,mstar
2848,48419957,7.628795234895912,7.325161593706025,9.519123,5.407387400808002e+42,4.582531695600002e+42,27.419929,0.014637092
3719,49581557,7.401070004003495,4.440642002402097,9.536125,2.48411158559e+42,5.886520345e+42,27.128873,0.029401371
4478,49579988,6.490169080433835,3.757466309724851,9.521526,1.5432701783356e+43,3.5806732676e+43,25.305133,0.23388683
6852,50807815,5.275634515674287,-4.668367233294513,9.520664,6.26732776572e+42,8.526976551999999e+42,26.80543,0.025420993
