index,halo_id_nbody,gal coord y (pMpc),gal coord z (pMpc),Redshift,f_esc_lum,lya_lum,NIRCam_F200W_dust,mstar
244,51829910,9.009638430763165,4.209743720924273,9.036954,2.1563860558760008e+42,1.2759680804000005e+43,26.400826,0.02826891
275,51830580,8.77357803519732,4.209743720924273,9.020095,4.3656390532800016e+42,1.0345116240000004e+43,26.78115,0.048161197
738,51920723,10.11125361007045,-1.4557057726560583,9.020595,6.488209768781999e+43,5.4984828549e+43,25.138418,0.11806681
1328,51927143,8.380144042587574,-2.2425737578755482,9.026808,2.014879715763e+42,1.1383501219e+43,26.482269,0.031234395
1441,52837300,0.0393433992609745,7.750649654411982,9.019382,2.3796622938077994e+42,5.639010174899999e+42,27.440365,0.017439051
2753,52926301,0.2754037948268215,3.265502138660885,9.036734,4.3950229105860006e+42,1.5313668678000004e+43,26.174989,0.063635333
3414,52849564,-3.029441743095039,4.524490915012069,9.013271,2.7065745476000003e+42,1.7575159400000002e+43,26.101472,0.12518181
