index,halo_id_nbody,gal coord y (pMpc),gal coord z (pMpc),Redshift,f_esc_lum,lya_lum,NIRCam_F200W_dust,mstar
13981,30273555,6.121911718561143,-8.273856443873543,9.860173,2.0997743483807997e+42,2.9911315504e+42,27.852724,0.0094137424
14208,30023138,-6.344526690145184,3.8957620027207254,9.845349,2.979968156268e+42,2.5253967426000004e+42,27.962984,0.0096613413
