index,halo_id_nbody,gal coord y (pMpc),gal coord z (pMpc),Redshift,f_esc_lum,lya_lum,NIRCam_F200W_dust,mstar
493,50789200,9.923614763330706,4.94234931350196,9.176083,2.6991886887342e+42,3.8449981321000004e+42,27.735794,0.0087774686
3768,51844522,4.0861943143126425,-0.6615743175553819,9.16598,4.4693334349679994e+42,3.7875707075999995e+42,27.556856,0.013051475
4033,53285115,8.756130673527093,-10.624105217212875,9.185085,2.5502590297275e+42,3.4697401765e+42,27.657738,0.013800282
7506,52864704,-3.6192006783912,-2.6073811338947346,9.185857,1.0719153021594002e+43,1.5356952753000004e+43,26.162114,0.043151402
8437,54147228,-3.3857038604304766,-6.888156129841314,9.175193,2.0177799391099998e+42,6.957861859e+42,27.080759,0.034483913
11287,54150310,-7.355149765762759,-9.145292036794965,9.187422,2.103389471011601e+42,3.0134519642000013e+42,27.97035,0.0081989314
