index,halo_id_nbody,gal coord y (pMpc),gal coord z (pMpc),Redshift,f_esc_lum,lya_lum,NIRCam_F200W_dust,mstar
14156,30981413,1.6037123955602022,-8.09315325201312,9.78292,2.1390028084984e+42,4.9628835464000006e+42,27.127837,0.033622261
