index,halo_id_nbody,gal coord y (pMpc),gal coord z (pMpc),Redshift,f_esc_lum,lya_lum,NIRCam_F200W_dust,mstar
1258,50790667,10.508230218111882,1.4347030187090013,9.230963,2.2482415981609998e+42,5.3275867255e+42,27.137825,0.034759708
