index,halo_id_nbody,gal coord y (pMpc),gal coord z (pMpc),Redshift,f_esc_lum,lya_lum,NIRCam_F200W_dust,mstar
5099,49591851,3.383899320851313,3.688070046321094,9.509907,3.1698435838420004e+42,2.6863081219000003e+42,27.857756,0.012239272
8718,50452400,-7.946460202898029,9.01105774204226,9.503475,2.8345309704352e+42,4.0609326224e+42,27.350046,0.02794637
9513,52019100,3.3078566394838678,-10.075655281186497,9.510914,8.3470364229e+42,1.135651214e+43,26.768683,0.016736814
