index,halo_id_nbody,gal coord y (pMpc),gal coord z (pMpc),Redshift,f_esc_lum,lya_lum,NIRCam_F200W_dust,mstar
6356,48288777,0.638457219910825,10.102646597412472,9.668876,3.3849217269315006e+42,4.6053356829000007e+42,27.426034,0.018077465
7456,48369466,1.4646959750895399,4.844763609911558,9.679032,2.86918143204e+42,1.863104826e+43,26.10178,0.053028565
7852,48736355,9.802196140983847,-9.952421369198163,9.684703,5.396813438528001e+42,1.3099061744000003e+43,26.457324,0.02352781
8874,49388307,-2.6664978008040356,6.947916804911925,9.667086,2.1844089267520007e+42,1.2925496608000003e+43,26.209478,0.063668486
12100,50535354,-8.450169087055045,3.4927365559827503,9.684349,2.4095954073749996e+42,1.3613533375e+43,26.406299,0.029823154
12619,51865460,-4.4692005393757785,-6.7225789625904575,9.678407,4.982920536664001e+42,1.2094467322000003e+43,26.292871,0.049008157
13184,53033729,-9.501745684555228,-9.351520456340916,9.671159,9.822658233664003e+42,2.327644131200001e+43,25.626941,0.12368971
