index,halo_id_nbody,gal coord y (pMpc),gal coord z (pMpc),Redshift,f_esc_lum,lya_lum,NIRCam_F200W_dust,mstar
3051,47326542,10.160006513871103,6.260963423677026,9.702895,5.358192035126e+42,7.676492887e+42,26.709553,0.044896348
4363,48425587,6.860816206783807,7.460668989890587,9.694269,2.7079211874019997e+42,2.2948484639e+42,28.199698,0.0057750226
5070,48425159,6.111000227900331,6.560889815230417,9.697375,3.396162822506999e+42,4.8378387784999996e+42,27.290153,0.01769409
5072,48425356,6.335945021565376,6.635871413118767,9.697858,3.788207032788001e+42,5.4272307060000014e+42,27.240301,0.016758679
8610,49666592,6.036018630011985,-4.236460280691642,9.700138,2.8117849120099995e+42,2.3828685694999994e+42,28.110374,0.0076491827
10118,49601795,2.1369755398179078,-2.436901931371298,9.701911,6.300271035442e+42,5.3392127419e+42,27.07475,0.038592766
10132,49607382,1.0122515714926923,-2.0619939419295603,9.707304,2.3490569135387192e+42,8.184867294559998e+42,26.92189,0.020765946
11982,50817367,-0.862288375715999,-6.7858346088954615,9.694507,4.6020114987840006e+42,4.1089388382000006e+43,25.12513,0.1643782
12883,51784329,-7.910558577220676,-4.986276259575119,9.692766,5.1165087066e+42,7.3302417e+42,26.844041,0.026550078
