index,halo_id_nbody,gal coord y (pMpc),gal coord z (pMpc),Redshift,f_esc_lum,lya_lum,NIRCam_F200W_dust,mstar
1485,51695261,3.31988999421719,7.06941281121543,9.12549,1.7488759044360002e+43,9.402558626e+43,24.898233,0.29283607
1487,51695320,3.1636598768422637,7.225642928590356,9.12658,1.3105892158419e+43,3.5136440103e+43,26.036252,0.089665105
1842,51930767,8.319253750214843,-1.6794737617804618,9.116414,4.080359339049e+42,1.4217279927000002e+43,26.717166,0.065979349
1843,51930780,8.319253750214843,-1.6794737617804618,9.116737,3.018115897436001e+42,8.091463532000002e+42,26.924746,0.045220084
5312,53153994,2.7730845834049473,-6.83506763515304,9.124115,2.510157265876001e+42,6.092614723000003e+42,27.086446,0.026558186
8863,53929178,-9.803439865276644,1.1326683509682172,9.134843,2.4967000836299992e+42,2.1158475284999995e+42,28.043321,0.011934003
11308,55325368,-9.022289278402011,-10.506475393463816,9.122944,2.1884646321841996e+42,5.0776441581999994e+42,27.155366,0.028909935
