index,halo_id_nbody,gal coord y (pMpc),gal coord z (pMpc),Redshift,f_esc_lum,lya_lum,NIRCam_F200W_dust,mstar
9388,55319320,-4.978393242017216,-10.544785685847486,9.073464,2.263922036412e+42,5.2649349684000006e+42,27.947292,0.015335384
