bin center,errors,LF
42.2,2.4727030190750845e-05,0.0010769750061338536
42.6,2.0571722470337136e-05,0.0007454233964437269
43.0,1.2808467918095338e-05,0.00028897220776074407
43.4,6.645054959484547e-06,7.777837419100576e-05
43.8,3.406352154350618e-06,2.0438112926103706e-05
44.199999999999996,1.1354507181168725e-06,2.270901436233745e-06
44.599999999999994,0.0,0.0
