bin center,errors,LF
42.2,4.606917983590517e-06,4.5138393386593334e-05
42.6,3.518591730042812e-06,2.633072947551278e-05
43.0,1.6287914732835554e-06,5.642299173324167e-06
43.4,6.649513344901283e-07,9.403831955540279e-07
43.8,0.0,0.0
44.199999999999996,0.0,0.0
44.599999999999994,0.0,0.0
