bin center,errors,LF
42.2,2.1567066640337005e-06,5.706109483948902e-06
42.6,1.4118959342500177e-06,2.445475493120958e-06
43.0,0.0,0.0
43.4,8.151584977069861e-07,8.151584977069861e-07
43.8,0.0,0.0
44.199999999999996,0.0,0.0
44.599999999999994,0.0,0.0
