index,halo_id_nbody,gal coord y (pMpc),gal coord z (pMpc),Redshift,f_esc_lum,lya_lum,NIRCam_F200W_dust,mstar
854,44710822,-5.942880230864619,8.146862303238255,9.015922,4.661386488987e+42,1.0815281877e+43,26.406506,0.055298972
1859,44775248,-5.864166585422703,2.7156207677460857,9.025084,3.863151259820999e+42,5.255988108599999e+42,27.249275,0.040960286
6535,59847776,0.43292504993053554,-7.438439494261012,9.031108,3.815882821330003e+42,8.853556430000007e+42,26.628727,0.042563187
9417,60874514,8.146862303238255,-7.044871267051436,9.029864,2.274816860829e+42,1.8494446023e+43,26.256797,0.050616789
