index,halo_id_nbody,gal coord y (pMpc),gal coord z (pMpc),Redshift,f_esc_lum,lya_lum,NIRCam_F200W_dust,mstar
2373,47258240,-7.680209610567837,-2.3078462376583144,9.573385,2.4911039552256003e+42,3.5485811328000006e+42,27.61024,0.011983984
4971,48306158,-1.4755082503061359,3.5185196738069413,9.571895,1.1110444264024e+43,3.8712349352000005e+43,25.471918,0.15219208
6452,48310153,3.140184225010496,5.107528558752012,9.571782,2.7246462378840003e+42,8.332251492000001e+42,26.900695,0.018283432
6628,46210948,-1.7025095195840034,-10.252890662383665,9.575152,2.4800314240940004e+42,2.5306443103000003e+43,25.785219,0.10105677
7962,48317123,6.545203264178503,4.653526020196277,9.573581,2.1275855053361998e+42,3.0307485831e+42,27.872793,0.0086993717
8454,48312367,6.469536174419213,2.913182955732629,9.57094,4.232532388875e+42,1.2943524125e+43,26.620912,0.07481669
8459,48312388,6.469536174419213,2.913182955732629,9.569377,2.2787832582450007e+42,3.246129997500001e+42,27.610304,0.024636107
8593,46158218,3.291518404529074,-9.344885585272195,9.585328,3.7473833785620005e+42,3.1757486259000006e+42,27.830127,0.0092190132
9991,47116828,10.177223572624376,0.945838621991113,9.577501,2.4139228849164e+42,3.4386365882000004e+42,27.799084,0.009331497
