index,halo_id_nbody,gal coord y (pMpc),gal coord z (pMpc),Redshift,f_esc_lum,lya_lum,NIRCam_F200W_dust,mstar
1577,47186447,-7.403595153555845,2.695667978987,9.52079,4.2979028727495007e+42,5.847486901700001e+42,27.098344,0.019082703
1604,47182795,-8.01106962769376,1.3288504121766902,9.529824,2.3059562170192004e+42,5.350246443200001e+42,27.256978,0.026168224
2449,46143829,-8.922281338900634,-7.707332390624802,9.533748,3.099633373863e+42,4.4154321565000005e+42,27.273368,0.027802522
3489,48301665,-2.61973366971976,5.960843277478299,9.531646,2.6284887579260003e+42,2.2275328457000004e+42,28.177747,0.0065389747
9693,46162103,6.1886462052800155,-10.061295977909225,9.523584,2.314305597331001e+42,6.204572647000002e+42,27.107767,0.017271254
