index,halo_id_nbody,gal coord y (pMpc),gal coord z (pMpc),Redshift,f_esc_lum,lya_lum,NIRCam_F200W_dust,mstar
1585,60922911,-8.869084145969728,-3.711731250515965,9.11718,3.0912848815459993e+42,1.9565094186999997e+43,26.781356,0.053441736
4823,44778468,-0.8986296711775489,1.75818848708651,9.130985,6.821791949240001e+42,5.781179618000001e+42,27.154156,0.016755426
8778,44794129,8.400233882746662,-0.9767713817147279,9.134308,1.9375355198716002e+43,4.591316397800001e+43,25.571861,0.1783296
