index,halo_id_nbody,gal coord y (pMpc),gal coord z (pMpc),Redshift,f_esc_lum,lya_lum,NIRCam_F200W_dust,mstar
11564,28610060,-5.03662885596266,-4.365078341834306,9.763651,2.475835747923e+42,6.637629351e+42,26.928262,0.030218562
11699,29397119,-2.2011933518651627,-5.409712474922857,9.786489,2.7367723434279997e+42,6.642651319e+42,27.012878,0.019614271
11980,29302950,3.1712107611616775,-0.5596254284402957,9.774188,5.274294577288e+42,7.556295956e+42,26.82944,0.030072237
