index,halo_id_nbody,gal coord y (pMpc),gal coord z (pMpc),Redshift,f_esc_lum,lya_lum,NIRCam_F200W_dust,mstar
32816,85990124,-3.3152392451374664,6.916980647262122,8.5028,3.2690355049600006e+42,2.7703690720000005e+42,27.83368,0.015955674
33360,84723552,-6.2621185741485474,-4.624963391364614,8.495399,2.5096274828879996e+43,2.1268029516e+43,25.913331,0.12281106
33490,84724084,-6.425834092426942,-5.525398741895777,8.504663,2.5112714471475992e+42,3.597810096199999e+42,27.518877,0.018507052
34668,84723891,-6.016545296730958,-5.689114260174171,8.494773,4.4876896176060006e+42,6.392720253000001e+42,27.111557,0.034446934
35043,83225011,-6.180260815009351,-9.45457118057722,8.488533,9.445993661881999e+42,1.3532942209e+43,26.359784,0.10041275
40735,84832205,0.4502176752655823,-8.717851348324448,8.510709,2.0337379738410002e+42,6.219382183e+42,27.148334,0.024840893
41474,84644503,3.0696659677198768,-0.8595064709615639,8.502079,6.51450867348e+42,2.2463823012000003e+43,26.007231,0.13598669
43673,85921333,6.916980647262122,4.29753235480783,8.493122,2.332790808977999e+42,5.4250949045999977e+42,27.217517,0.021625544
47970,84654523,8.390420311767665,-6.7532651289837275,8.495485,8.23751243939e+42,1.9157005673000002e+43,26.620218,0.14589181
