index,halo_id_nbody,gal coord y (pMpc),gal coord z (pMpc),Redshift,f_esc_lum,lya_lum,NIRCam_F200W_dust,mstar
600,48288601,-8.253445937141416,8.633789067885266,9.491981,2.3674196239679993e+42,8.248848863999998e+42,26.862255,0.01800677
1044,47186118,-7.644896927951267,3.308985237471445,9.506812,2.3253615631680006e+42,5.644081464000002e+42,27.216101,0.014755663
4286,48298939,-1.7876127144960663,5.971387152678355,9.506362,2.0662188037560006e+42,1.1108703246000004e+43,26.528465,0.043701863
8268,48165440,8.557720441736494,9.926955712414333,9.490151,2.410119704562e+42,1.3616495506e+43,26.390458,0.022007069
