index,halo_id_nbody,gal coord y (pMpc),gal coord z (pMpc),Redshift,f_esc_lum,lya_lum,NIRCam_F200W_dust,mstar
2548,46955671,-3.1249982907880627,8.91203216261781,9.300546,3.613620906498199e+42,5.1771073158999994e+42,27.286516,0.021316668
3015,44983799,-6.288576807388324,-5.9799350008907375,9.2947,2.227675001541e+42,1.1912700543e+43,26.650663,0.045667238
8689,46962023,9.683636678861777,6.288576807388326,9.296965,3.768049430714001e+42,8.929027087000002e+42,26.612837,0.057297529
8940,44922122,6.211416355763928,-7.677464936627464,9.300343,4.5998011640379996e+42,1.2331906606e+43,26.217077,0.074775696
10060,44867082,9.297834420739793,-3.665121452158839,9.292347,2.1910197035916003e+42,5.318008989300001e+42,27.120905,0.035193367
