index,halo_id_nbody,gal coord y (pMpc),gal coord z (pMpc),Redshift,f_esc_lum,lya_lum,NIRCam_F200W_dust,mstar
2781,44852677,-5.391669199986959,-0.34910088345239265,9.220076,2.600457371673e+42,9.060827079000001e+42,26.729695,0.049819177
6874,45884707,4.46073351078058,3.840109717976325,9.21699,2.3988286808459995e+42,3.4171348729999996e+42,27.530886,0.016653582
6902,45884717,4.46073351078058,3.840109717976325,9.21267,2.1839935520293996e+42,3.1289305902999995e+42,27.864235,0.0083070486
