index,halo_id_nbody,gal coord y (pMpc),gal coord z (pMpc),Redshift,f_esc_lum,lya_lum,NIRCam_F200W_dust,mstar
5672,59906983,-3.0139308837384102,-10.607471032378045,9.1084,7.323269362259999e+42,1.7030858981999998e+43,26.277952,0.034849649
7701,59915948,2.622511288447709,-10.294335356145481,9.088411,2.5271722789039994e+42,2.1416714227999996e+42,28.790671,0.005237501
7703,59915971,2.544227369389568,-10.450903194261763,9.087816,3.4111659979139995e+42,2.8908186423e+42,27.928475,0.007703492
8345,44790911,7.5543981891105645,1.1351168263430396,9.087655,3.7585594651259994e+42,3.1852198857e+42,27.684684,0.012697618
