index,halo_id_nbody,gal coord y (pMpc),gal coord z (pMpc),Redshift,f_esc_lum,lya_lum,NIRCam_F200W_dust,mstar
2279,60923435,-7.881877581981005,-5.764358231598049,9.067806,3.912302857972e+42,9.077268812e+42,26.670121,0.03570484
7233,45826712,6.78390458548614,6.862331228092917,9.082205,3.550955443794e+42,2.2474401543e+43,26.825581,0.1470112
8062,60934064,4.587958592496407,-7.176037798520019,9.068218,2.7029026555120002e+42,6.404982596000001e+42,26.986603,0.029194027
