index,halo_id_nbody,gal coord y (pMpc),gal coord z (pMpc),Redshift,f_esc_lum,lya_lum,NIRCam_F200W_dust,mstar
2122,47101238,-6.167158449137883,3.71561720227562,9.399363,2.0275033402117992e+42,2.904732579099999e+42,27.861988,0.011623558
3786,44980825,-5.171219817600088,-5.630883801386763,9.394062,2.3421254798796002e+42,3.3554806302000005e+42,27.60127,0.027886427
3871,44980212,-5.8607157932801,-6.243769113102329,9.38907,6.815015604540001e+42,5.775436953000001e+42,27.281948,0.015062687
7466,47035571,4.711555833813415,2.4132359148800426,9.392513,2.52709935996e+42,8.714135724e+42,26.918824,0.066958394
