index,halo_id_nbody,gal coord y (pMpc),gal coord z (pMpc),Redshift,f_esc_lum,lya_lum,NIRCam_F200W_dust,mstar
3463,44854903,-3.6204355029460196,0.11678824203051795,9.170268,4.4700227918220006e+42,3.6341648714000004e+43,25.789775,0.15943644
5859,46895605,2.7639883947222312,9.381988776451516,9.177181,2.3675513044515155e+42,3.2211582373490007e+42,27.943964,0.019387252
7404,44785186,4.321164955129122,0.6618000381729292,9.176609,7.982896177920001e+42,6.236637639e+43,24.955148,0.17573245
8122,61003020,3.7761531589867103,-9.304129948431171,9.167221,2.266680668914e+42,1.4346080182999999e+43,26.127371,0.060251258
10136,60941495,8.914835808329448,-8.136247528126002,9.169214,2.6805669937913993e+42,3.8403538592999995e+42,27.502187,0.015499269
