index,halo_id_nbody,gal coord y (pMpc),gal coord z (pMpc),Redshift,f_esc_lum,lya_lum,NIRCam_F200W_dust,mstar
2912,47267135,-5.1740914931967525,0.9441772797804293,9.604947,3.4194284437e+43,2.897820715e+43,25.589083,0.13536046
