index,halo_id_nbody,gal coord y (pMpc),gal coord z (pMpc),Redshift,f_esc_lum,lya_lum,NIRCam_F200W_dust,mstar
29955,86372657,-10.94463577872277,-4.850919154671996,8.771735,9.00767642702e+42,2.0948084714e+43,27.014374,0.06559922
36034,87672808,-3.7283924081363273,-0.3608121685293217,8.777038,2.8506032413249994e+42,9.932415475e+42,26.587128,0.045518468
36037,87672819,-3.7283924081363273,-0.280631686633916,8.779183,7.204707001126801e+42,6.105683899260001e+42,27.189916,0.017686303
38818,87682627,-1.3229779512741802,-1.7238803607512048,8.783974,2.1541805251452e+42,3.0862185174e+42,27.751308,0.035426012
43334,86311894,1.8040608426466105,-7.657236021011168,8.766762,3.12766911687e+42,7.273649109e+42,27.157693,0.030640267
