index,halo_id_nbody,gal coord y (pMpc),gal coord z (pMpc),Redshift,f_esc_lum,lya_lum,NIRCam_F200W_dust,mstar
349,49513873,-9.305929792036949,9.081690519939674,9.742645,2.1508617399990002e+42,7.494291777000002e+42,27.019637,0.012917749
7677,48381349,3.8494408376699036,0.11211963604863905,9.741753,5.060464424708001e+42,3.2860158602000006e+43,25.600864,0.046657566
7679,48381366,3.8494408376699036,0.11211963604863905,9.744918,4.639067881510001e+42,1.0788529957000002e+43,26.417941,0.062986334
8976,48384742,6.839297798966916,-1.4575552686322928,9.747883,2.2806154700420007e+42,7.946395366000003e+42,27.005676,0.03672448
10836,48462302,10.0533940323612,-5.344369318318408,9.749303,2.2959011021932002e+42,3.2892565934000006e+42,27.720911,0.011759312
