index,halo_id_nbody,gal coord y (pMpc),gal coord z (pMpc),Redshift,f_esc_lum,lya_lum,NIRCam_F200W_dust,mstar
35489,88842155,-0.12140157500751596,9.995396342285549,8.660537,6.134593673414001e+42,1.4233395994000002e+43,26.17971,0.11666067
37761,86300670,-3.4397112918796404,-6.272414708721698,8.659227,9.94373861458e+42,8.426897131000001e+42,26.934381,0.024852344
37847,84829506,-4.168120741924741,-7.4054960754585215,8.646599,3.275413910829999e+42,1.1294530727e+43,28.032815,0.081920386
37855,84830064,-4.32998950860143,-7.891102375488589,8.648429,4.906783096934e+42,1.1627448097e+43,26.509862,0.074780958
42663,86123585,4.8155958086315,2.3066299251428193,8.662054,2.4823747705079998e+42,3.556410846e+42,27.540856,0.027427873
42756,86114426,4.653727041954811,0.12140157500751796,8.638894,2.634637879044e+42,8.056996572e+42,26.829679,0.018412898
43310,84832673,2.549433075157853,-9.590724425593823,8.647199,2.9887445138775003e+42,4.0663190665e+42,27.282173,0.041965605
