index,halo_id_nbody,gal coord y (pMpc),gal coord z (pMpc),Redshift,f_esc_lum,lya_lum,NIRCam_F200W_dust,mstar
981,49384309,-6.349181411949759,9.054158108165042,9.68008,5.10417551408e+42,1.209520264e+43,26.366214,0.041394282
1736,47327965,-9.354711074411185,-3.719342957296013,9.679943,5.758288533188e+42,4.8799055366000005e+42,27.321141,0.019399513
5803,47414365,-3.719342957296013,-8.603328658795828,9.686021,3.251768757408e+42,1.7482627728000003e+43,26.099031,0.047890312
8416,49399250,7.701669760057403,5.973490204142081,9.664731,3.0505183259615996e+42,4.3454677008e+42,27.45391,0.017481591
