index,halo_id_nbody,gal coord y (pMpc),gal coord z (pMpc),Redshift,f_esc_lum,lya_lum,NIRCam_F200W_dust,mstar
761,60925451,-10.10100186485061,-2.4570004536123102,9.161198,5.619933313224999e+42,1.9581649174999995e+43,26.144643,0.064542516
3454,44854578,-4.0170007416201265,0.5850001080029312,9.158666,6.376267477805997e+42,1.5109638572999996e+43,26.162127,0.042261432
4982,60927011,-2.379000439211919,-4.875000900024426,9.143798,2.014887592158e+42,2.7413436628e+42,27.914437,0.010701547
8710,44726518,8.619001591243187,3.315000612016612,9.145884,4.7697764695250015e+42,2.2185006835000007e+43,26.197631,0.12357317
9477,60939783,6.903001274434591,-8.307001533641623,9.15878,2.0987330567279997e+42,2.1415643435999997e+43,25.96067,0.071837164
9733,44730815,10.647001965653349,2.3790004392119206,9.139135,2.468400466233e+42,7.548625279e+42,26.878397,0.032996188
9973,60876727,8.853001634444361,-4.641000856823254,9.143847,2.455831241737001e+42,5.711235445900002e+42,27.146824,0.021326601
