index,halo_id_nbody,gal coord y (pMpc),gal coord z (pMpc),Redshift,f_esc_lum,lya_lum,NIRCam_F200W_dust,mstar
1323,48227366,-5.8399094906819995,7.901054016805062,9.447494,7.791226629352001e+42,1.8910744246000002e+43,26.010415,0.047162021
1324,48227381,-5.8399094906819995,7.901054016805062,9.452184,8.86304958063e+42,1.2058570858e+43,26.388406,0.056238759
5034,46089733,-2.1756525553521167,-2.6336846722683527,9.460826,5.879651235289999e+42,8.423569105e+42,26.921153,0.029715452
5957,47108493,1.564943066130471,4.465813139933295,9.451565,2.3016921825640007e+42,2.1714077194000007e+43,26.096193,0.10090907
8136,46096708,3.168055475337295,-6.908651096819882,9.452749,3.8886802207578e+42,5.5394305139e+42,27.292428,0.013343649
