index,halo_id_nbody,gal coord y (pMpc),gal coord z (pMpc),Redshift,f_esc_lum,lya_lum,NIRCam_F200W_dust,mstar
3912,47340256,-5.919036598965179,-3.581582655424789,9.618821,3.9938230253376003e+42,5.689206588800001e+42,27.128466,0.02389316
3914,47340385,-5.994438339079385,-3.506180915310583,9.614074,1.657862741598e+43,2.2555955668e+43,25.805589,0.06659282
4631,47346870,-4.938813977480499,-6.145241819307797,9.614945,2.9536969953347995e+42,4.2075455774e+42,27.409935,0.019561519
5563,48304219,0.18850435028551527,3.279975694967966,9.630892,2.3639513674699992e+42,2.0033486164999994e+42,28.207195,0.011199809
10237,47282513,7.728678361706128,-5.843634858850972,9.612801,2.846193841081501e+42,3.8723725729000013e+42,27.587514,0.010985658
