index,halo_id_nbody,gal coord y (pMpc),gal coord z (pMpc),Redshift,f_esc_lum,lya_lum,NIRCam_F200W_dust,mstar
698,49450131,-7.6748489948454335,8.049231872642773,9.73352,2.1553423155029996e+42,3.0878829734999996e+42,27.82143,0.012304754
4303,50532451,-0.8610806189338772,8.872874203796918,9.735142,3.036167312022e+42,4.325024661e+42,27.481843,0.012132208
7675,48381282,3.4817607635152465,-0.26206801445813566,9.736635,2.2505048130257998e+42,5.3329497939e+42,27.161831,0.029291981
7963,49394466,5.877811181418212,6.102440908096614,9.729741,2.4576097114526004e+42,3.5209308187000007e+42,27.794678,0.010864188
10860,48458881,10.070899412748398,-6.252194059215548,9.716699,5.040155126348e+42,1.2233386229000001e+43,26.328719,0.042366022
