index,halo_id_nbody,gal coord y (pMpc),gal coord z (pMpc),Redshift,f_esc_lum,lya_lum,NIRCam_F200W_dust,mstar
1425,47103207,-6.408406076496493,4.566469000617263,9.368263,5.092195666538e+42,1.3651999106e+43,26.133634,0.06590767
1426,47103234,-6.408406076496493,4.566469000617263,9.36946,7.58777210353e+42,1.7980502615e+43,26.061922,0.089355231
6922,47028521,4.489721622455628,4.7199637569405315,9.3637,3.9773831029959985e+42,9.653842482999996e+42,26.603392,0.03483103
8719,46963738,9.708543337446784,6.715395589143033,9.386117,2.0220946907463998e+42,4.9079968221999996e+42,27.470644,0.020364435
