index,halo_id_nbody,gal coord y (pMpc),gal coord z (pMpc),Redshift,f_esc_lum,lya_lum,NIRCam_F200W_dust,mstar
12298,29403038,6.27246105244376,-8.128218760267359,9.8604,2.6961036648150005e+42,1.5232224095000003e+43,26.011196,0.081988065
