index,halo_id_nbody,gal coord y (pMpc),gal coord z (pMpc),Redshift,f_esc_lum,lya_lum,NIRCam_F200W_dust,mstar
1367,47097143,-6.123270425021512,4.505802765581868,9.320862,3.317598632548e+42,7.861608134e+42,26.787582,0.042148709
2646,45951371,-3.8126023401077336,3.8126023401077354,9.322328,2.5330824200699995e+42,1.1781778697999998e+43,26.372257,0.062879083
6018,45956056,0.26957794323994155,0.4236224822341931,9.312851,2.3847281713899992e+42,8.223200590999998e+42,26.766846,0.040202633
