index,halo_id_nbody,gal coord y (pMpc),gal coord z (pMpc),Redshift,f_esc_lum,lya_lum,NIRCam_F200W_dust,mstar
1130,46083399,-9.138694876583168,-0.3441349535114997,9.41941,2.0222339181309996e+42,7.046111212999999e+42,27.178942,0.021749448
