index,halo_id_nbody,gal coord y (pMpc),gal coord z (pMpc),Redshift,f_esc_lum,lya_lum,NIRCam_F200W_dust,mstar
1221,48435567,-9.938451435023211,-1.3126256612294807,9.703399,4.201946219502e+42,2.2591108707e+43,25.730717,0.077256147
4985,48379286,-1.6126543837962184,3.187805177271598,9.695214,2.0458602392445003e+42,2.7834833187000003e+42,27.795144,0.013572007
8191,47426254,1.9876902870046433,-9.113372447964679,9.706322,2.6107039956300005e+42,6.071404641000002e+42,27.078836,0.032790022
9386,49462069,9.11337244796468,4.012884164330128,9.704398,2.066080464532e+42,7.198886636000001e+42,26.988974,0.020768852
10458,48323030,10.08846579630658,1.387632841871166,9.697198,2.5870714864877998e+42,3.7064061411e+42,27.5282,0.017823591
