index,halo_id_nbody,gal coord y (pMpc),gal coord z (pMpc),Redshift,f_esc_lum,lya_lum,NIRCam_F200W_dust,mstar
3503,44851934,-4.157920960028619,-0.6606042646774432,9.196002,2.3552849319579997e+42,5.464698218e+42,27.297384,0.01717251
3694,60999210,-5.7900020845258355,-6.334029126024907,9.187714,2.3632864041384e+42,3.3665048492e+42,27.894863,0.0057891046
4547,61070232,-5.6345657869546715,-9.520473226233756,9.203323,5.162809850787998e+42,1.1978677147999997e+43,26.530642,0.023832893
