index,halo_id_nbody,gal coord y (pMpc),gal coord z (pMpc),Redshift,f_esc_lum,lya_lum,NIRCam_F200W_dust,mstar
8217,45827967,8.367692629251467,6.953434720082207,9.054491,2.2836102541559995e+42,1.4828638013999997e+43,26.168976,0.052717469
