index,halo_id_nbody,gal coord y (pMpc),gal coord z (pMpc),Redshift,f_esc_lum,lya_lum,NIRCam_F200W_dust,mstar
4480,44987878,-4.685017233818075,-7.085604576766181,9.257723,5.173125487950001e+42,7.038265970000001e+42,27.080869,0.062055045
8694,46962192,9.641068522485131,6.466098165682802,9.254262,6.324479447285999e+42,9.060858807e+42,26.825607,0.028203292
9588,61007922,6.698413069839068,-9.099000412787172,9.243565,2.3666581021255997e+42,5.6081945548e+42,27.247502,0.018829594
