index,halo_id_nbody,gal coord y (pMpc),gal coord z (pMpc),Redshift,f_esc_lum,lya_lum,NIRCam_F200W_dust,mstar
12158,29346548,5.772779125232628,-4.580979563894277,9.794317,4.048514795075402e+42,5.767115092700003e+42,27.311668,0.011543882
12356,29350700,8.603303083411204,-4.50649209131063,9.791846,2.5479196191959994e+42,8.877768707999999e+42,26.667133,0.044503934
