index,halo_id_nbody,gal coord y (pMpc),gal coord z (pMpc),Redshift,f_esc_lum,lya_lum,NIRCam_F200W_dust,mstar
11090,30112557,-8.662784841380063,5.911514119225022,9.822421,2.2309012314119998e+42,1.1994092642e+43,26.338018,0.093787474
11503,28694281,-7.473046150718424,-8.960219514045475,9.826885,4.9527235657620006e+42,5.053799556900001e+43,25.672642,0.13509789
12447,29408331,9.703806195709,-7.919198159716538,9.824823,5.055696709870001e+42,1.1757434209000002e+43,26.467161,0.033789698
