index,halo_id_nbody,gal coord y (pMpc),gal coord z (pMpc),Redshift,f_esc_lum,lya_lum,NIRCam_F200W_dust,mstar
525,44710255,-7.136642673736427,8.082937834894851,8.99673,2.0112161363448998e+42,4.6663947478999995e+42,27.40172,0.017274895
848,44710522,-6.505779232964146,7.925221974701779,9.006995,3.042421431164999e+42,1.7188821644999997e+43,26.128473,0.039578863
2945,59895601,-6.505779232964146,-8.556085415474058,9.010336,5.368403840738e+42,7.691122981e+42,26.909713,0.021071096
6753,44647472,5.007478561129981,7.057784743639892,9.006076,2.5240798633518005e+42,3.595555360900001e+42,27.462269,0.018164025
9350,60869897,8.634943345570594,-5.953773722288401,9.002577,2.4347867058150005e+42,1.3755857095000003e+43,26.869469,0.076983926
