index,halo_id_nbody,gal coord y (pMpc),gal coord z (pMpc),Redshift,f_esc_lum,lya_lum,NIRCam_F200W_dust,mstar
2636,45948930,-4.444699864381028,3.9809050959238794,9.278396,6.29952958833022e+42,1.492779523301e+43,26.276359,0.046061805
2692,45947956,-5.1403920170667545,2.434922534400043,9.274697,2.163310332292e+43,5.799759604e+43,25.184697,0.18680935
6405,45879469,2.357623406323851,2.6668199186286192,9.274618,2.1250778423910007e+42,3.044524129500001e+42,27.874633,0.0086008081
