index,halo_id_nbody,gal coord y (pMpc),gal coord z (pMpc),Redshift,f_esc_lum,lya_lum,NIRCam_F200W_dust,mstar
611,49448038,-7.542146227525291,9.437157842481394,9.553075,2.7027220175982002e+42,3.8500313641000006e+42,27.479058,0.02121518
6989,48231170,4.4343271789972825,6.177737864756898,9.544332,5.848445027645999e+42,8.331118273e+42,26.826676,0.018896254
9019,47278706,5.798735541765677,-5.874536006363919,9.549687,3.2322268352849993e+42,4.3975875309999995e+42,27.422734,0.03070786
9689,46161677,6.405139258551628,-9.361357377883149,9.538237,4.5367411868979987e+42,3.844695921099999e+42,27.487372,0.019229957
