index,halo_id_nbody,gal coord y (pMpc),gal coord z (pMpc),Redshift,f_esc_lum,lya_lum,NIRCam_F200W_dust,mstar
1063,46014221,-9.033938053286997,0.8841726605344733,9.354672,2.353416076856e+42,5.576815348e+42,27.311841,0.012738161
3029,44979521,-6.4198623612720365,-5.112824515264555,9.351097,5.581070140380001e+42,7.593292708000002e+42,26.878876,0.021820655
6306,48162123,4.4208633026723625,8.803284315756265,9.344305,6.815222340183999e+42,1.6149815971999996e+43,26.201366,0.051337451
6925,47028547,4.497747881849272,4.8052861985569155,9.359599,3.868495902577799e+42,5.5106779238999996e+42,27.382654,0.014140682
7021,45957606,3.421363773372524,0.653518923003741,9.344928,3.500263551448e+42,2.9663250436e+42,27.683126,0.024515935
7255,48159796,6.727400677979681,10.18720674094066,9.348715,3.7791905755266e+42,5.3834623583000003e+42,27.344949,0.013176398
8054,45961520,4.882170777733825,-1.576133873126666,9.349131,2.397121803762e+42,3.2613902092e+42,27.703564,0.012312408
10112,46022525,8.495745999048625,-4.728401619380002,9.357395,4.2752989027700004e+42,2.7058853815e+43,25.68791,0.13263857
