index,halo_id_nbody,gal coord y (pMpc),gal coord z (pMpc),Redshift,f_esc_lum,lya_lum,NIRCam_F200W_dust,mstar
31429,79120964,6.539755879932451,10.661783828495937,8.922486,3.2008109772450006e+43,4.3548448670000006e+43,25.966792,0.21205585
39221,77830566,6.460486111690845,-2.0213790901609396,8.929849,2.0541147784500002e+42,7.157194350000001e+42,27.02547,0.014436645
41300,74985798,6.698295416415662,-7.015374489382083,8.932366,2.0016629378602004e+42,4.644229554200001e+42,27.474468,0.010268009
42785,76533723,0.8323325665368572,-8.362960549489376,8.914125,7.004208924554001e+42,1.0034683273000003e+43,26.566288,0.045657254
