index,halo_id_nbody,gal coord y (pMpc),gal coord z (pMpc),Redshift,f_esc_lum,lya_lum,NIRCam_F200W_dust,mstar
246,54246155,3.169531853058298,8.725995101629634,9.088223,1.5304998869644002e+43,2.1926932478000006e+43,25.873702,0.077871797
1730,53178636,2.778231624285668,1.3695508007042034,9.093947,4.731329112095e+42,1.0977561745e+43,26.52224,0.031827526
2918,49879579,9.430335513420363,-8.725995101629632,9.106298,1.0327760804699997e+43,8.752339664999997e+42,26.828012,0.052131688
2934,52203233,0.5086902974044192,-4.186912447867132,9.092967,4.148770520531e+42,1.4455646413e+43,26.833112,0.046831583
4934,54444927,-5.673853317203124,-2.54345148702209,9.10481,2.4066962959960003e+42,2.0395731322000003e+42,28.200825,0.0089701011
6127,54449161,-8.412954918611529,-3.639092127585452,9.10343,3.6142991712359994e+42,5.148574318e+42,27.448051,0.0076355051
7352,54521611,-7.943394644084374,-8.56947501012058,9.08865,1.59183940816e+43,3.701952112e+43,25.302677,0.15223827
7354,54521652,-7.865134598329847,-8.56947501012058,9.088585,2.5367401718750007e+42,1.5010296875000003e+43,26.364455,0.05250994
8328,53474986,-7.082534140784589,-10.525976153983727,9.093705,4.654942194473999e+42,6.630971786999999e+42,27.030669,0.045396233
