index,halo_id_nbody,gal coord y (pMpc),gal coord z (pMpc),Redshift,f_esc_lum,lya_lum,NIRCam_F200W_dust,mstar
3297,51965206,6.044404304070814,0.9624847617947159,9.316148,1.0562119865742002e+43,2.5028720061000005e+43,25.866841,0.1218929
3299,51965255,5.890406742183659,1.2704798855690256,9.316937,2.0615193875050996e+42,5.5268616286999994e+42,27.167044,0.047316149
4401,56595740,-9.278353103701061,7.815376265773091,9.317014,4.3928689476320005e+42,1.0409642056000002e+43,26.546152,0.035427814
