index,halo_id_nbody,gal coord y (pMpc),gal coord z (pMpc),Redshift,f_esc_lum,lya_lum,NIRCam_F200W_dust,mstar
2608,51964893,6.286659055885419,1.4270330372255258,9.308362,2.392666008767e+42,6.414654179e+42,27.022829,0.026731393
4503,53191880,2.6612237721232757,0.192842302327774,9.295727,3.9364401208379993e+42,3.3359662040999996e+42,27.708956,0.017257301
4523,53193436,2.352676088398839,-0.192842302327774,9.307559,1.8055735371163998e+43,2.5867815718e+43,25.728221,0.074085327
9224,56726507,-10.29777894430311,-0.9642115116388681,9.310999,2.3670102383225996e+42,3.3718094563e+42,27.806148,0.006671343
