index,halo_id_nbody,gal coord y (pMpc),gal coord z (pMpc),Redshift,f_esc_lum,lya_lum,NIRCam_F200W_dust,mstar
2413,52904108,5.303920721401699,8.661798588188388,9.461359,2.3374912576279998e+42,1.4794248465999999e+43,26.242449,0.12578285
8988,54333131,-5.456551533528366,0.34341932728500285,9.455756,2.4287536433362e+42,3.4795897469000004e+42,27.623681,0.016678172
9891,50928230,6.753913436605043,-7.669698309365046,9.454782,3.03038230145e+42,1.0558823350000002e+43,26.609604,0.040427115
