index,halo_id_nbody,gal coord y (pMpc),gal coord z (pMpc),Redshift,f_esc_lum,lya_lum,NIRCam_F200W_dust,mstar
8612,56526708,-8.404730151568643,9.384653846370368,9.622871,2.445190661562e+42,2.0721954759e+42,28.128769,0.0089694041
12251,54339588,-3.8820054063299114,-4.032762897837869,9.625479,2.6206338460950004e+42,6.0944973165e+42,27.064643,0.02354683
12699,52145192,-1.168370559186673,-9.233896354862411,9.615656,1.7462457425555996e+43,2.4875295477999996e+43,25.755009,0.1042701
12995,53277536,-3.052839203036144,-10.138441303910156,9.61295,3.437692332896e+42,2.9132985872e+42,27.870639,0.009523291
