index,halo_id_nbody,gal coord y (pMpc),gal coord z (pMpc),Redshift,f_esc_lum,lya_lum,NIRCam_F200W_dust,mstar
3198,54184111,-0.03843056630656007,7.263377031939839,9.361424,2.4397489204441997e+42,3.4953422929e+42,27.640967,0.011898255
6908,54325238,-3.804626064349438,0.2690139641459205,9.356676,1.6735175253789997e+43,5.831071516999999e+43,24.899774,0.24222858
8068,50928936,4.265792860028158,-6.571626838421757,9.360124,3.004301106628001e+42,1.9014563966000004e+43,25.966794,0.073490565
8075,52133882,1.8830977490214396,-6.2641823079692776,9.342394,3.890866805018e+42,9.220063519000001e+42,27.184881,0.035148898
