index,halo_id_nbody,gal coord y (pMpc),gal coord z (pMpc),Redshift,f_esc_lum,lya_lum,NIRCam_F200W_dust,mstar
3360,57734665,-10.548113270115046,9.929908829375703,9.277004,5.249868983415999e+42,1.2440447827999997e+43,26.521024,0.043711598
3438,53192702,2.820557760873254,0.5795666631931357,9.276574,3.324735487752e+42,4.5234496431999996e+42,27.669228,0.013674169
3482,54316194,-1.1977711039324783,2.27962887522633,9.262832,4.2848868169410013e+42,1.1487632217000004e+43,26.518715,0.039560598
4601,53187054,2.2023533201339114,-0.7341177733779699,9.26558,3.759178930464001e+42,1.1495960032000002e+43,26.347046,0.058310323
4668,56658252,-8.848051058081852,4.211517752536776,9.262643,3.178418433919999e+42,2.6935749439999996e+42,27.786783,0.018005974
