index,halo_id_nbody,gal coord y (pMpc),gal coord z (pMpc),Redshift,f_esc_lum,lya_lum,NIRCam_F200W_dust,mstar
2341,51742377,9.011383267336575,8.555110696838522,9.50349,2.7058492437480002e+42,2.5526879658000003e+43,25.977776,0.077617571
3111,52902499,4.372612133939688,9.163474124169259,9.506825,2.2314565256204e+43,3.1969291198e+43,25.66584,0.15740943
5275,56524533,-4.828884704437743,10.07601926516537,9.501926,3.5544072131820003e+42,4.8359281812e+42,27.467353,0.011441948
5280,56524572,-4.904930132854085,10.07601926516537,9.508895,1.324326580688e+43,1.1223106616e+43,26.474865,0.043025297
7783,50852512,8.174883554756809,-2.319385566698443,9.495434,2.190546690108e+42,2.9803356328e+42,27.802842,0.012433124
8923,53203278,-1.4068404257023337,-0.266158999457199,9.490002,4.0327898134965006e+42,5.4867888619000005e+42,27.279983,0.032147921
8957,53210721,1.7870675677840466,-2.471476423531128,9.504693,3.671212436046e+42,3.1111969797e+42,27.729175,0.013839178
9847,53207843,-1.1787041404533078,-2.471476423531128,9.500866,3.3600362650260006e+42,4.571477911600001e+42,27.353341,0.014876498
11231,55501496,-9.239519552585604,-1.8631129962003892,9.497881,2.5790722246169997e+42,3.5089418022e+42,27.617075,0.011910339
