index,halo_id_nbody,gal coord y (pMpc),gal coord z (pMpc),Redshift,f_esc_lum,lya_lum,NIRCam_F200W_dust,mstar
9722,51981834,4.27388681803963,-2.3827864560751917,9.585939,2.2252647060584003e+42,5.965857120800001e+42,27.021968,0.023856483
11206,50944371,2.987938571903813,-8.056087541968507,9.564338,2.2031598277604998e+42,2.9974963643e+42,27.735654,0.018828952
12386,55580060,-9.644611846018634,-4.349530832518208,9.571064,3.0418199622579995e+42,1.9752077676999996e+43,26.385259,0.066424265
