index,halo_id_nbody,gal coord y (pMpc),gal coord z (pMpc),Redshift,f_esc_lum,lya_lum,NIRCam_F200W_dust,mstar
108,54170345,3.730931358264636,10.09315114814749,9.055078,1.4598053400224004e+43,3.387019350400001e+43,25.787318,0.26077975
109,54170349,3.730931358264636,10.09315114814749,9.058787,2.133532359231e+42,2.9027651146e+42,27.7723,0.014318292
124,54170610,3.652385434932749,10.721518534802588,9.047702,7.67733016074e+42,6.241731838e+43,25.401547,0.36744692
275,53115629,6.558584598212572,5.851671288225586,9.05152,6.66337483048e+42,1.5496220536e+43,26.242163,0.044099051
561,55419590,-3.416747664937087,8.836416374837297,9.055883,3.510736133179001e+42,1.8773990017000003e+43,25.982443,0.051563851
1343,56651430,-8.44368675817786,8.129503064850311,9.054073,5.297149123350001e+42,7.207005610000002e+42,26.956532,0.02933819
