index,halo_id_nbody,gal coord y (pMpc),gal coord z (pMpc),Redshift,f_esc_lum,lya_lum,NIRCam_F200W_dust,mstar
44296,52255178,-2.013955524033198,-10.701606804176402,8.971793,2.6292842514266006e+42,3.766882881700001e+42,28.061488,0.020562261
