index,halo_id_nbody,gal coord y (pMpc),gal coord z (pMpc),Redshift,f_esc_lum,lya_lum,NIRCam_F200W_dust,mstar
4040,52911756,6.38069197497872,9.325626732661204,9.603784,2.8545571152614e+42,4.0896233743000004e+42,27.463471,0.030385507
4042,52911781,6.38069197497872,9.401137880294089,9.603986,7.618565293739996e+42,2.627091480599999e+43,25.998612,0.20915456
8718,51892291,4.719446727055266,-0.339800164347978,9.605987,4.0519020134250016e+42,5.5127918550000024e+42,27.382676,0.014435487
8719,51892296,4.719446727055266,-0.339800164347978,9.606258,2.7698855433795003e+42,3.7685517597e+42,27.808283,0.009322228
8792,50854108,9.703182470825627,-3.4357572172962336,9.595325,2.7850779298990006e+42,7.466696863000001e+42,27.01336,0.021418238
9708,50862258,8.646026403965248,-4.945980169953918,9.596768,2.2743811180090005e+42,3.258425670500001e+42,27.650669,0.019013097
13001,53278422,-4.190868693625076,-9.929715913724278,9.606113,3.392584410474e+42,2.8750715343e+42,27.869795,0.0099611062
13170,54466105,-9.854204766091396,-8.268470665800825,9.600127,2.561141093106001e+42,6.069054723000002e+42,27.010008,0.02195389
