index,halo_id_nbody,gal coord y (pMpc),gal coord z (pMpc),Redshift,f_esc_lum,lya_lum,NIRCam_F200W_dust,mstar
13373,33092290,0.1115039878488153,9.849518926645331,9.832483,3.951337256802001e+42,5.628685551000002e+42,27.357483,0.011314077
