index,halo_id_nbody,gal coord y (pMpc),gal coord z (pMpc),Redshift,f_esc_lum,lya_lum,NIRCam_F200W_dust,mstar
7579,51810789,5.746322558132478,3.7182087140857223,9.664344,3.6269903619260006e+42,3.073720645700001e+42,27.772056,0.011609823
11014,50859591,7.699321074621948,-4.769823299887744,9.667611,3.079159040637999e+42,2.6094568140999996e+42,27.988475,0.0096233914
11650,54345999,-6.9481677990490756,-0.863826266908804,9.662925,4.9142359095999986e+42,1.3174895199999997e+43,26.245452,0.064463385
12056,54346089,-6.647706488819926,-1.0140569220233788,9.671683,2.6187708557954997e+42,3.5629535452999996e+42,27.621269,0.015487341
12531,54349268,-6.4974758337053515,-3.49286273141386,9.674268,2.6259539043675003e+42,3.5727264005000004e+42,27.607359,0.017659127
