index,halo_id_nbody,gal coord y (pMpc),gal coord z (pMpc),Redshift,f_esc_lum,lya_lum,NIRCam_F200W_dust,mstar
24651,77699600,10.144923356842954,11.13066489758883,8.437766,3.3963548714300006e+42,1.5796999402000002e+43,26.126632,0.12975518
24866,77800940,10.88422951240236,6.3662474506504365,8.441862,2.928516142712999e+42,1.0203888998999999e+43,26.621245,0.046290484
25440,77903516,2.3411361592714517,5.462651038300052,8.445475,2.1705190392826002e+42,5.819085896200001e+42,27.073426,0.023370163
25878,82373344,-7.269843863000821,9.077036687701591,8.45257,2.2955350581030008e+42,3.123176949800001e+42,27.558342,0.026536948
25881,83899380,-7.516279248187289,10.144923356842954,8.438523,3.8918196974358e+42,5.5439027029e+42,27.259708,0.051403111
25978,76428130,6.037666937068478,1.9304105172940036,8.444375,2.0965218092329996e+42,4.864319742999999e+42,27.244047,0.01950414
28126,77988896,3.901893598785752,-0.5339433345706809,8.46119,5.840068063049998e+42,8.319185274999997e+42,26.622763,0.03465421
