index,halo_id_nbody,gal coord y (pMpc),gal coord z (pMpc),Redshift,f_esc_lum,lya_lum,NIRCam_F200W_dust,mstar
6412,54113573,1.6178063398247944,7.788044473110058,9.647049,2.25072891718e+42,5.462934265e+42,27.15942,0.020348263
9671,50861087,9.443474216186592,-3.649470115418722,9.641075,3.6626397459520005e+42,8.889902296000001e+42,26.775186,0.024599755
10363,50859886,6.809835988564835,-3.79996372842568,9.661817,2.6273002127450007e+42,1.5546155105000004e+43,26.13151,0.046275589
11585,54266276,-3.3484828894048073,-1.2415723073073994,9.647725,4.5957567589470005e+42,3.7363876089000004e+43,26.40126,0.193865
