index,halo_id_nbody,gal coord y (pMpc),gal coord z (pMpc),Redshift,f_esc_lum,lya_lum,NIRCam_F200W_dust,mstar
26585,79369170,1.1005577582209831,5.991925572536461,8.538136,5.549237141909999e+42,7.549982505999998e+42,26.918781,0.033597015
27797,76434385,6.154971166346977,1.9973085241788209,8.553495,5.097028901004e+42,4.3195160178e+42,27.482252,0.034094245
27964,77913424,2.8940592901366586,2.649490899420884,8.541333,1.1389978177108e+43,2.6990469614e+43,27.034534,0.16741618
29487,79375940,-3.057104883947175,3.2201504777576915,8.538187,2.797837412937001e+42,3.806581514200001e+42,27.660864,0.014123179
31112,80834433,-6.807153541589042,4.769083618957592,8.553361,3.8889296227499995e+42,2.4613478625e+43,26.1134,0.092833298
32670,79462535,-0.5298981798841761,-1.9973085241788209,8.56204,2.301906433883e+42,8.020579909000001e+42,27.038347,0.050284559
40282,81242967,-8.763700667315232,-9.415883042557297,8.545265,2.4880664729999996e+42,5.786201099999999e+42,27.177087,0.023636941
41208,81240496,-10.312633808515136,-10.231111011609878,8.56049,2.5424437024817998e+42,3.6217146759e+42,27.514055,0.022280442
