index,halo_id_nbody,gal coord y (pMpc),gal coord z (pMpc),Redshift,f_esc_lum,lya_lum,NIRCam_F200W_dust,mstar
26640,77911438,3.232395440602919,4.132556196213859,8.502007,2.7628540865169994e+42,9.626669290999999e+42,26.567824,0.077045776
26794,77900603,5.932877707435736,0.8592443576286236,8.491917,3.4751048097360006e+42,2.8252884632000004e+43,25.533087,0.13201721
31243,73760450,9.697186321808752,-10.106350301631908,8.493078,2.7820775169950002e+42,9.693649885000002e+42,26.862902,0.040870033
32787,79552076,-5.0327169518247965,-2.0867362970980867,8.492169,6.517165442865001e+42,8.866891759000001e+42,26.701689,0.035887822
34357,78084387,-0.9410771535932546,-7.978697606551507,8.499969,3.6336331673480004e+42,8.819497979000001e+42,26.83763,0.051465445
35921,78155592,-1.1047427455225167,-9.942684709702649,8.498388,7.679513961220001e+42,6.508062679000002e+42,27.130045,0.050767115
37478,78160714,-2.250401889027347,-10.842845465313586,8.493629,8.875259023286001e+42,1.2715270807e+43,26.555266,0.088351487
