index,halo_id_nbody,gal coord y (pMpc),gal coord z (pMpc),Redshift,f_esc_lum,lya_lum,NIRCam_F200W_dust,mstar
990,51738785,9.015066879010192,10.089202507147576,9.386295,2.7180915566419998e+42,1.4535248966e+43,26.440394,0.035611947
1452,51739137,7.1736915164889625,9.552134693078882,9.387063,2.0102143855079997e+42,6.147444603999999e+42,27.142644,0.018403511
3199,54184156,0.11508596015757715,7.020243569612193,9.375772,1.0149758755189999e+43,1.4541201655e+43,26.287625,0.045333085
5501,53187866,2.3400811898707317,1.4193935086101162,9.375498,3.4638890831008e+42,4.9625918096000006e+42,27.424848,0.025590776
9136,52132118,2.6469770836242685,-5.946107941474806,9.375586,1.0071589955499999e+43,8.535245724999999e+42,26.868846,0.02161824
9248,51000650,3.2607688711313467,-8.708170985256652,9.362819,2.4377658332039998e+42,3.472600902e+42,27.701725,0.015645509
