index,halo_id_nbody,gal coord y (pMpc),gal coord z (pMpc),Redshift,f_esc_lum,lya_lum,NIRCam_F200W_dust,mstar
1258,52060854,6.600960910799948,1.6795344329254303,9.112762,2.1327202818850002e+42,5.717748745000001e+42,27.320876,0.011547667
3769,53265186,-0.4296483433065045,-3.241892044949087,9.129805,3.208650526163e+42,8.602280230999999e+42,26.838236,0.025275998
3838,54389551,-4.17930661216328,-2.1482417165325263,9.121591,3.5148570638499994e+42,8.329045174999999e+42,26.695054,0.033094657
