index,halo_id_nbody,gal coord y (pMpc),gal coord z (pMpc),Redshift,f_esc_lum,lya_lum,NIRCam_F200W_dust,mstar
5345,50778058,10.134138858191182,0.7211559487102336,9.527218,4.412389770405e+42,2.4928755765e+43,25.732346,0.125051
11830,54403674,-8.084537740804201,-3.681690896046983,9.520743,2.08943216585e+42,2.993455825e+42,27.928523,0.0082507109
11885,52140643,-0.6452447962144193,-9.602760790720483,9.529981,3.7053933224040004e+42,8.597200284e+42,26.706075,0.031938048
