index,halo_id_nbody,gal coord y (pMpc),gal coord z (pMpc),Redshift,f_esc_lum,lya_lum,NIRCam_F200W_dust,mstar
13636,30911939,8.824073708833907,-2.4201046036886242,9.796008,3.931478129311201e+42,5.600396195600002e+42,27.138112,0.020016242
14747,31730962,-1.0052742199937368,-6.739060511809862,9.807782,2.8240410445900005e+42,6.567537313000001e+42,26.968089,0.026880476
15028,34082962,-8.898538465870482,-6.217807212553851,9.797409,2.915879141042e+42,6.909666211e+42,27.187093,0.021121582
