index,halo_id_nbody,gal coord y (pMpc),gal coord z (pMpc),Redshift,f_esc_lum,lya_lum,NIRCam_F200W_dust,mstar
25159,76422463,10.328923253228314,2.0987055215722874,8.41504,2.2304700995382003e+42,3.177307834100001e+42,27.94382,0.022006706
25421,83792734,-4.320864309119415,11.15194502639392,8.436109,2.454106868058e+42,2.0797515831000003e+42,28.000005,0.010807908
26842,79457938,-0.7818706845073223,3.827051245220053,8.435757,3.219702524752e+42,1.1218475696e+43,26.58469,0.053459745
26860,82458390,-5.226188259601578,5.8023035008175,8.4148,6.067776306744e+42,3.4281222072e+43,25.441194,0.18751093
26864,82458429,-5.226188259601578,5.8023035008175,8.412779,2.25785275804e+42,1.207407892e+43,26.980641,0.063477852
26980,82459151,-5.96690785545062,5.72000132350094,8.414304,3.2705646166699997e+42,1.1277809023e+43,26.42727,0.052224472
29707,76597528,4.4031664864359765,-5.637699146184379,8.423783,2.0107968118949e+42,5.3908761713e+42,27.167888,0.036280399
34473,81228324,-9.012088416163351,-6.954533983249344,8.421064,9.106979637720001e+42,7.717779354000001e+42,26.772621,0.048753572
