index,halo_id_nbody,gal coord y (pMpc),gal coord z (pMpc),Redshift,f_esc_lum,lya_lum,NIRCam_F200W_dust,mstar
30259,80661149,3.7272554052240436,9.01755339973559,8.777548,3.722591069131001e+42,1.9906904113000004e+43,25.725528,0.14237576
35154,77827430,4.929595858522123,0.12023404532980811,8.776454,2.3807301726650005e+42,1.4087160785000002e+43,26.644313,0.075612898
35155,77827434,4.929595858522123,0.12023404532980811,8.775897,3.428598579234e+42,2.9055920163000005e+42,28.018497,0.010530992
38304,75069452,9.01755339973559,-7.494588825558023,8.773939,3.1090048905e+42,7.546128375000001e+42,26.952373,0.039075827
39668,77997605,0.6011702266490405,-4.0478795261035305,8.764647,2.1410658404414996e+42,2.9130147488999996e+42,27.906075,0.030509381
41626,80942710,-9.338177520615076,-4.6089717376426345,8.783557,4.314114536003998e+42,6.145462301999998e+42,27.186281,0.01256023
