index,halo_id_nbody,gal coord y (pMpc),gal coord z (pMpc),Redshift,f_esc_lum,lya_lum,NIRCam_F200W_dust,mstar
28981,79372485,1.2588341563116912,4.182578003229167,8.609789,2.8867999847e+42,2.446440665e+42,28.156564,0.0047383834
30968,76438876,6.45660099527609,-0.6903284082999588,8.602963,4.8431180203019994e+42,6.938564498999999e+42,27.3599,0.032474081
32549,79386929,-1.8273399043234217,0.8527586220175967,8.589527,3.625407399360001e+42,3.072379152000001e+42,27.647526,0.025945077
37271,76601017,4.263793110087986,-10.842216765652301,8.604273,2.786228849895e+42,1.2959203953e+43,26.285985,0.055725752
