index,halo_id_nbody,gal coord y (pMpc),gal coord z (pMpc),Redshift,f_esc_lum,lya_lum,NIRCam_F200W_dust,mstar
9490,51900934,5.136425002477159,1.2372410589908494,9.710858,9.026194732599998e+42,7.649317569999999e+42,26.929714,0.020886349
10989,53136224,-0.8623195259633187,-0.7123509127523064,9.689763,2.778399909901e+42,9.680835923000001e+42,26.787924,0.022706887
12084,55444522,-7.385954200642338,-0.487397992935788,9.705638,3.258584258412e+42,2.7615120833999997e+42,27.981194,0.0099109191
12107,49720890,7.385954200642337,-8.960624639357965,9.70876,3.4514466432120004e+42,8.007996852000001e+42,26.841419,0.019859053
12553,55513048,-9.185577559174481,-2.2120370448624254,9.689532,2.2166255483759997e+42,5.380159097999999e+42,27.15355,0.025491317
12919,55508261,-10.085389238440554,-4.086644710000075,9.699913,1.140494310124e+43,9.665206018000001e+42,26.62707,0.042150806
