index,halo_id_nbody,gal coord y (pMpc),gal coord z (pMpc),Redshift,f_esc_lum,lya_lum,NIRCam_F200W_dust,mstar
33019,77618828,10.800418163121854,7.5563365170559464,8.94848,6.235468452485999e+42,8.882433692999999e+42,26.627358,0.058895513
41261,74983898,8.189328057751734,-6.923344976360162,8.945506,2.5135491885893997e+42,3.5805543997e+42,27.678254,0.01913103
41273,76453352,3.283643617359392,-4.47050275616399,8.948258,2.1248202021389995e+42,1.7274960992999997e+43,26.091831,0.038799873
41952,75072608,6.765097091186216,-9.217939311382386,8.955144,7.309576825195999e+42,1.0472173101999999e+43,26.552617,0.064852159
42602,82388954,-10.642170277947905,-1.2264211100980864,8.942787,4.604483393041e+42,1.6043496143e+43,26.270768,0.073964999
43693,79581721,-8.11020411516476,-7.87283228740384,8.95804,2.3191270242731994e+42,3.3225315533999994e+42,27.838376,0.0071196209
