index,halo_id_nbody,gal coord y (pMpc),gal coord z (pMpc),Redshift,f_esc_lum,lya_lum,NIRCam_F200W_dust,mstar
1846,51737181,9.560612439626532,10.093873691239168,9.47757,8.575450673219998e+42,7.267331078999999e+42,26.75821,0.047743537
4228,54183301,0.571351341013539,7.884648505986821,9.474998,2.0217308335579007e+42,5.420189902300002e+42,27.320149,0.012335089
4248,51806907,6.589585466356136,4.913621532716426,9.487268,5.5471306081500005e+42,4.7009581425000006e+42,27.482976,0.013855606
4288,51889124,4.304180102301984,4.227999923500179,9.468194,2.788883623168001e+42,2.1788153306000003e+43,26.126999,0.063310032
5318,55357799,-4.227999923500179,8.341729578797652,9.479311,3.5162910170856e+42,5.0089615628e+42,27.282935,0.031123962
6542,56521609,-6.97048636036516,8.265549399995846,9.484045,5.4458854236199995e+42,1.2635465019999999e+43,26.516382,0.043635943
9856,53208458,-1.256972950229782,-2.780576526265884,9.464328,5.560564501326001e+42,7.966424787000002e+42,27.401365,0.049861046
11285,51003926,1.7140540230406132,-10.322414227644582,9.484221,5.949950817750002e+42,1.3837094925000002e+43,26.194277,0.083596256
