index,halo_id_nbody,gal coord y (pMpc),gal coord z (pMpc),Redshift,f_esc_lum,lya_lum,NIRCam_F200W_dust,mstar
10251,53059891,2.4327465939512893,0.8608180255519948,9.737154,7.173495889386001e+42,3.8567182201000005e+43,25.186012,0.12985157
10835,53060754,2.807015300713027,0.2619880947332164,9.725355,6.315254594383e+42,2.2004371409e+43,25.777024,0.048267527
11473,51907767,0.486549318790259,-1.833916663132511,9.725717,2.5678562955359996e+42,6.884333231999999e+42,26.95216,0.038286356
11995,55441247,-6.100579920216311,0.1122806120285213,9.73249,2.489829691354e+42,5.7903016078e+42,27.205378,0.018939084
11997,55441359,-6.100579920216311,-0.18713435338086884,9.714037,2.428819038538e+42,2.0583212191000003e+42,28.408838,0.0041471596
12006,55440631,-8.495899643491427,1.01052550825669,9.719493,2.226080040790401e+42,5.968043004800002e+42,27.108842,0.023089564
12844,53218583,-3.330991490179458,-5.726311213454575,9.726106,5.137036617041999e+43,4.353420861899999e+43,25.40038,0.14725571
