index,halo_id_nbody,gal coord y (pMpc),gal coord z (pMpc),Redshift,f_esc_lum,lya_lum,NIRCam_F200W_dust,mstar
375,51803972,10.120838248498131,7.949317398245658,9.229897,2.7834843946952e+42,3.9877999924000004e+42,27.536724,0.0122539
2039,54253087,1.7449721118100225,4.536927490706058,9.222658,3.337208213598001e+42,1.7941979643000004e+43,26.063896,0.047613494
2731,54313080,-0.5816573706033402,2.1327436922122507,9.222771,6.523538296130003e+42,1.7489378810000006e+43,26.05874,0.059587284
2733,54313089,-0.6592116866837858,2.1327436922122507,9.226401,3.8331265306464e+42,5.4602942032e+42,27.325629,0.017321214
2735,54313106,-0.5816573706033402,2.1327436922122507,9.221022,1.1971764472303e+43,2.7776715713e+43,25.683877,0.081050285
2741,54313159,-0.5816573706033402,2.1327436922122507,9.227185,2.376974676656001e+43,2.0143853192000006e+43,25.938346,0.095920634
4758,49875879,9.888175300256794,-6.55333970879764,9.235834,6.514245071072e+42,5.5205466704e+42,27.274242,0.016339222
5915,55567475,-7.096219921360758,-0.11633147412066842,9.215951,6.368134772500001e+42,1.4809615750000002e+43,26.22884,0.11758684
5934,55573572,-8.41464329472833,-0.19388579020111404,9.218426,2.6668458488760006e+42,1.4261207748000003e+43,26.42743,0.082736979
