index,halo_id_nbody,gal coord y (pMpc),gal coord z (pMpc),Redshift,f_esc_lum,lya_lum,NIRCam_F200W_dust,mstar
3220,51884729,8.233134850327307,2.335912678464958,9.40939,3.444453052044e+42,1.0533495571999999e+43,26.570093,0.028484941
5545,50842844,7.160912637261427,-1.8763888728652935,9.393552,5.781095093207001e+42,1.5498914459000001e+43,26.210285,0.092959569
5565,53194921,3.178372988731008,-0.7275793588661338,9.389897,2.98822510467e+42,2.5323941565e+42,27.800983,0.022246289
5610,50847589,8.539484054060418,-3.331547590597561,9.394502,3.653086359513001e+42,1.1171517919000002e+43,27.032666,0.024328153
6848,50849222,8.15654754939403,-5.016468211129661,9.411302,5.867846040182e+42,2.0445456586000002e+43,25.835076,0.08937633
