index,halo_id_nbody,gal coord y (pMpc),gal coord z (pMpc),Redshift,f_esc_lum,lya_lum,NIRCam_F200W_dust,mstar
3178,56517713,-5.083998989687151,10.20622353568774,9.413254,3.39699368367e+42,2.8788082065e+42,27.929067,0.0086655074
6721,51975583,3.7078789624034116,-0.19112778156718654,9.42376,2.0699350857551998e+42,5.549423822399999e+42,27.102076,0.028910419
9147,53208741,0.3440300068209358,-4.701743426552778,9.417011,3.562192568165e+42,1.2411820795000002e+43,26.270062,0.061512935
11302,55579629,-9.212359071538373,-4.701743426552778,9.414818,4.047096437448001e+42,3.429742743600001e+42,27.840602,0.0057630402
