index,halo_id_nbody,gal coord y (pMpc),gal coord z (pMpc),Redshift,f_esc_lum,lya_lum,NIRCam_F200W_dust,mstar
11834,54407072,-8.221842327853917,-3.372092014649763,9.546975,2.534588035252e+42,8.831317196000001e+42,26.720701,0.030962667
13070,53341142,-8.524951722429176,-9.131170511579697,9.544069,6.822570205152e+42,9.718760976000002e+42,26.490948,0.039835274
