index,halo_id_nbody,gal coord y (pMpc),gal coord z (pMpc),Redshift,f_esc_lum,lya_lum,NIRCam_F200W_dust,mstar
1828,49935901,6.4249613621107216,-6.5037952438544115,9.000233,2.0017284431310996e+42,5.366564190699999e+42,27.201621,0.043910585
