index,halo_id_nbody,gal coord y (pMpc),gal coord z (pMpc),Redshift,f_esc_lum,lya_lum,NIRCam_F200W_dust,mstar
6069,52207162,-3.0020847655167238,-4.483633091356146,9.149536,5.1857902445719984e+42,4.394737495399999e+42,27.580203,0.011467703
7228,54456450,-7.290777287683473,-4.561609319031906,9.151041,2.649903652767e+42,3.6053110922000004e+42,27.552794,0.025563769
