index,halo_id_nbody,gal coord y (pMpc),gal coord z (pMpc),Redshift,f_esc_lum,lya_lum,NIRCam_F200W_dust,mstar
3674,55563372,-8.055931230392881,2.918815663185827,9.183818,2.3482417318892e+42,5.6996158541e+42,27.298535,0.044717155
7211,54454449,-10.235313592238297,-3.3858261692955587,9.17603,3.6280702712399986e+42,1.1095016119999996e+43,26.585211,0.034609325
