index,halo_id_nbody,gal coord y (pMpc),gal coord z (pMpc),Redshift,f_esc_lum,lya_lum,NIRCam_F200W_dust,mstar
534,54249434,0.9800340722310052,7.330654860287921,9.086891,3.6096361386400003e+42,8.394502648e+42,26.768192,0.038683936
4973,54449997,-7.252252134509438,-2.940102216693016,9.083163,2.7009981182799997e+42,1.7538948819999998e+43,25.931897,0.087285916
7313,54525349,-9.36912573052841,-6.6250303282815945,9.072117,2.4169641782760002e+42,1.2994431066000002e+43,26.734549,0.03288831
7373,54522197,-7.252252134509438,-8.114682118072722,9.08535,2.4559171512219993e+42,5.711435235399998e+42,27.175496,0.022939002
8370,54529044,-8.977112101636006,-9.68273663364233,9.078748,5.0354667037560006e+42,4.2673446642000007e+42,27.38317,0.022734364
