index,halo_id_nbody,gal coord y (pMpc),gal coord z (pMpc),Redshift,f_esc_lum,lya_lum,NIRCam_F200W_dust,mstar
26628,77906572,5.921619206220175,2.082776410463648,8.518898,4.815044174087001e+42,1.6777157401000005e+43,25.958789,0.07800637
26633,77906034,5.513231674756714,2.2461314230490323,8.525261,2.45783543719e+42,8.475294611000001e+42,26.811497,0.038446431
27845,77918563,1.1843238412440353,3.7980040426101804,8.536281,3.0092521471005004e+42,4.0942206083000006e+42,27.462802,0.025936385
27981,77918764,1.429356360122112,3.552971523732104,8.534196,4.284106074892801e+42,6.102715206400002e+42,27.46466,0.045513425
29302,77911624,2.736196460805184,1.5927113727074944,8.534595,5.203078875332e+42,4.4093888774e+42,27.517496,0.024955278
