index,halo_id_nbody,gal coord y (pMpc),gal coord z (pMpc),Redshift,f_esc_lum,lya_lum,NIRCam_F200W_dust,mstar
34,53112258,6.334516107730748,9.088653545874553,9.026607,3.025637060669999e+42,1.0542289409999999e+43,26.901737,0.019929249
1409,56652989,-9.875549956772781,6.413205748820571,9.015986,4.255770250594e+42,1.0084763627e+43,26.813254,0.030793815
3003,51069248,3.7377579517665906,-7.908308929527206,9.018316,4.5412384945199996e+42,1.076122866e+43,26.677053,0.027206931
