index,halo_id_nbody,gal coord y (pMpc),gal coord z (pMpc),Redshift,f_esc_lum,lya_lum,NIRCam_F200W_dust,mstar
3499,54306363,-3.832026955002255,3.832026955002256,9.240058,4.635249598665e+42,6.306462039e+42,27.132448,0.017993697
4627,54315500,-2.2063185498497826,1.277342318334086,9.252252,2.0972559857562992e+42,5.622670203099998e+42,27.09402,0.026102002
4644,54318617,-3.4449535252040477,1.4321716902533694,9.26196,3.56635242906e+42,3.022332567e+42,27.880261,0.0069108155
4716,54310390,-2.7482213515672744,0.5806101446973126,9.254101,3.557282180452e+42,2.3099234938e+43,25.608028,0.092624699
7063,54392310,-4.6835885005583116,-2.5933919796479907,9.25412,2.1232780032230006e+42,1.2563775167000002e+43,26.534529,0.020946896
10800,54531286,-9.792957773894653,-9.09622560025788,9.254045,2.6544159827744997e+42,3.6114503166999995e+42,27.658535,0.010620991
