index,halo_id_nbody,gal coord y (pMpc),gal coord z (pMpc),Redshift,f_esc_lum,lya_lum,NIRCam_F200W_dust,mstar
2700,54307029,-0.81579170419016,3.3020140407696976,9.201085,3.844175691614999e+42,5.2301710089999987e+42,27.496557,0.0081470711
2763,54306188,-4.234347416987021,3.146625144733476,9.198528,5.697217175364001e+42,8.115693982000002e+42,27.148791,0.040552421
2790,49791552,9.672958778254756,-3.6904862808602488,9.193306,2.7612432284740002e+42,2.3400366343000003e+42,27.965884,0.011421076
4846,55574015,-8.896014298073652,1.048875048244492,9.187561,2.0949774832631006e+42,4.860736620100001e+42,27.457343,0.023782512
5948,55572316,-8.585236506001209,0.11654167202716599,9.195809,1.3790878661080001e+43,1.1687185306000002e+43,26.565532,0.050220908
9346,53395780,-6.953653097620889,-7.730597577801994,9.19348,6.844041461895998e+42,5.800035137199999e+42,27.118062,0.021718107
